API명,필드수
기관조사가격서비스,155
지역간노선 검색 서비스,9
성인 검색어 판별,0
블로그 API,0
수입쇠고기 거래내역정보 등록 서비스,0
상품이미지검색api,0
글 관련 API,0
노인사회활동(노인일자리) 시스템 코드 정보,33
인빌쇼핑정보조회서비스,61
관광실태조사서비스,0
승강장정보서비스,44
영문생활법령정보 조회 서비스,25
테마체험관-전체,0
나의민원서비스,0
EMS신청 저장 서비스,49
테마체험관-경제,0
댓글 관련 API,0
전주시 공연문화정보 서비스,18
문맥 키워드 추천 API,0
문화재통계서비스,6
가격유통 도매시장별가격비교,0
권역별향토음식점서비스,6
[디자인] 디자인 공보-일반 검색,0
보육료 계산 서비스,10
티켓할인조회서비스,6
국가지식포털 검색 Open API 서비스,0
정책포럼조회서비스,6
지도로보는한국민속대백과사전서비스,42
책,0
역별승하차인원,29
승차권종별통행량,30
블로그검색,0
관광산업통계서비스,55
가격유통 가락시장조사가격정보,0
가격유통 도매시장경락정보(수산물),0
예술용어사전조회서비스,0
테마체험관-역사,0
문화재시대별서비스,68
전문자료,0
노인일자리통합모집주민센터정보서비스,13
노인사회활동노인일자리참여자모집공고정보,33
품종별 품종정보 서비스,0
품종정보,0
가격유통 산지공판장가격정보,0
자료검색서비스(SOAP),0
데이터 api,0
지식검색 API,0
[상표] 상표 속보-항목별 검색,0
마을정보조회서비스,48
법령정보OpenAPI,0
지역,0
구글지도 api,0
기반정보조회서비스,0
레이더영상정보조회서비스,14
(신)동네예보정보조회서비스,27
여행코스정보서비스,18
문화예술공간조회서비스,70
환승경로 검색 서비스,83
전자공청회조회서비스,8
법제처 국가법령정보 공유서비스,124
공개제안조회서비스,11
공연전시정보조회서비스,52
생활법령검색조회 서비스,270
사용자 정보 관련 API,0
도로명주소 우편번호 조회서비스,13
가격유통 농수축산물조사가격정보,0
항공기 운항정보,72
전북향토음식점서비스,0
[상표] 상표 속보-유틸리티,0
균류자원 서비스,68
지의류자원 서비스,54
카테고리api,0
알리미 API,0
황사정보조회서비스,52
국가지식포탈-공지사항,0
품목별 관리메뉴얼(농작업일정),0
이미지 검색 API,0
낙뢰정보조회서비스,10
지식 in,0
해양정보조회서비스,109
음식보감서비스,8
소통정보 조회 서비스,22
동네예보통보문정보조회서비스,112
실시간급상승검색어,0
나라기록물정보 서비스,0
(신)보건기상지수,71
카페검색,0
티스토리 API,0
레시피 과정정보,0
레시피 기본정보,0
레시피 재료정보,0
공지사항조회서비스,0
작목별 농업기술정보,0
작목별 농업기술정보 조회 서비스,0
인빌체험정보조회서비스,340
곤충자원 서비스,43
바로가기,0
알리미 등록 서비스,0
주소 ↔ 좌표 변환 API,0
버스위치정보 조회 서비스,10
버스 위치 정보 조회 서비스,10
일기도정보조회서비스,16
향토음식이야기서비스,7
태풍정보조회서비스,138
버스 도착 정보 조회 서비스,34
버스도착정보 조회 서비스,34
추천검색어,0
가격유통 임산물가격정보,0
노선정보서비스,61
분류별관광서비스,9
상품정보조회api,0
전북향토음식서비스,7
[상표] 상표 속보-일반 검색,0
POI 검색 API,0
KISTI의 과학향기,0
한국세시풍속사전영문서비스,73
수입쇠고기 유통이력정보 조회 서비스,0
기타 API,0
용어사전,0
노선정보조회 서비스,35
플레이어 api,0
축제 API,0
책 검색 API,0
[디자인] 디자인 공보-항목별 검색,0
전북특산물서비스,9
백과사전,0
기상기본정보조회서비스,190
테마체험관-여행,0
생활법령정보 조회 서비스,295
오타변환,0
보육정보 조회 서비스,12
자동차,0
국가자연사연구종합정보 서비스,308
테마체험관-과학/정보통신,0
영화인,0
(신)생활기상지수조회,62
쇼핑 상품,0
가격유통 강서시장조사가격정보,0
코드조회서비스,117
국가표준식물목록 서비스,127
우리농뉴스 기사내용검색,0
특화거리정보서비스,9
EMS행방조회 서비스,7
가격유통 축산물가격정보,0
[디자인] 디자인 공보-도면/전문,0
테마체험관-건강,0
쇼핑,0
관광지명검색서비스,16
디지털예보정보조회서비스,0
노선버스위치정류소,0
국민제안신청서비스,3
(신)자동기상관측 조회,20
상품 api,0
카페글 검색,0
제주관광e-book정보서비스,5
지번주소 우편번호 조회서비스,51
가격유통 실시간경매속보(품목별),0
민원신청서비스,12
뉴스 검색,0
우리동네 보육시설 정보조회 서비스,39
가격유통 권역별가격비교,0
제주특화먹거리정보서비스,43
보육예약서비스,160
자료검색서비스,0
주간농사정보 조회 서비스,150
주간농사정보,0
우리농뉴스 검색,0
한국민속대백과사전멀티미디어서비스,47
[상표] 상표 속보-도면/전문,0
[상표] 상표 속보-서지,0
한국세시풍속사전서비스,104
출입국관광통계서비스,0
관광지정보-소개정보서비스,41
민원/정책Q&A조회서비스,8
우편번호 DB 다운로드 서비스,2
정류소정보조회 서비스,61
상품검색api,0
전통소리문화정보서비스,172
설문조사조회서비스,8
운행지역 조회 서비스,3
식물자원 서비스,292
버스도착정보조회 서비스,115
테마체험관-문화/예술,0
친구 관련 API,0
농업기술동영상 제공 서비스,0
농업기술 동영상,0
사용자 조회 API,0
택배신청 조회 서비스,60
이미지 api,0
실시간운행정보서비스,82
여행도우미정보서비스,18
버스위치정보조회 서비스,101
도지정향토음식점서비스,6
생활법령 백문백답 서비스,0
좌표계 변환 API,0
실시간경매속보서비스,41
테마별향토음식점서비스,11
홍보마당조회서비스,0
전국 전문도서관 위치 검색,15
[디자인] 디자인 공보-유틸리티,0
관광지숙박서비스,11
가격유통 종합유통센터가격정보,0
나의제안서비스,15
Syndication API,0
쇼핑 검색,0
글 조회 API,0
영화 API,0
소통정보서비스,0
경락가격정보서비스,287
도서 및 디브러리 정보 서비스,158
위성영상정보조회서비스,9
블로그 검색 API,0
한국의문양조회서비스,21
관광자원통계서비스,16
미투 관련 API,0
EMS신청 조회 서비스,0
문화재종목별서비스,67
송고 가능 카테고리(채널) 조회 API,0
오픈백과,0
환승정보서비스,27
버스도착정보조회,0
문화정보조회서비스,0
국내우편물 종적 조회 서비스,14
예보구역정보조회,21
여행지도정보서비스,22
일본어 사전 API,0
향토음식만들기서비스,8
공모제안조회서비스,5
문화재지역별서비스,67
우수제안조회서비스,7
검색 api,0
동영상 검색 API,0
가격유통 도매시장경락정보(농산물),0
카페 검색 API,0
지도 API,0
국가지식포탈-보도자료,0
게시판 검색 API,0
대중교통환승경로 조회 서비스,22
기상특보정보조회서비스,260
노선별 버스위치목록,0
법령한글주소,0
지진정보조회서비스,138
영문과학기술 저널 검색서비스,14
정류소 조회 서비스,60
기반정보 관리 서비스,22
최신공포법령RSS,0
농축산물 소득상세정보 서비스,0
농축산물 소득정보,0
버스노선 조회 서비스,114
[디자인] 디자인 공보-서지,0
한국민속신앙사전서비스,104
가격유통 수산물산지위판장가격정보,0
해외농산물가격서비스,21
핸드폰 찾기 정보 조회 서비스,134
포털기관 습득물정보 조회 서비스,88
습득물정보 조회 서비스,0
코드마스터 정보 조회 서비스,0
[특허] 특허/실용신안 통합이력,0
[특허] 특허/실용신안 공보-유틸리티,0
[특허] DOCDB,0
[심판] 심판사항-일반 검색,0
[심판] 심판사항-항목별 검색,0
[심판] 심판사항-유틸리티,0
[특허] 특허/실용신안 공보-일반 검색,0
[특허] 해외특허 공보-서지,0
[특허] 특허/실용신안 공보-도면/전문,0
[디자인] 디자인 통합이력,0
[특허] 해외특허 공보-항목별 검색,0
[특허] 한국특허영문초록-항목별 검색,0
[특허] 인용문헌,0
[상표] 상표 통합이력,0
[특허] 특허/실용신안 공보-서지,0
[특허] 해외특허 공보-도면/전문,0
대전광역시 행사정보,0
[공통] 산업재산권 등록사항,0
[특허] 특허/실용신안 공보-항목별 검색,0
[심판] 심판사항-전문,0
[공통] 산업재산권 공통 서비스(인명 검색 등),0
[심판] 심판사항-서지,0
[특허] 한국특허영문초록-도면,0
[특허] 한국특허영문초록-서지,0
사고 및 고장 승강기 이력 정보 서비스,3
저작권등록정보서비스,25
관광지정보조회서비스,41
남원시 관광지 정보 조회 서비스,62
남원시 문화재 정보 조회 서비스,35
위치기반정보조회서비스,30
전국 명절 비상 진료기관 정보 조회 서비스,36
예술지식 카테고리 정보 서비스,3
전국어린이놀이시설통계정보서비스,0
축산물DNA동일성검사 업소정보,0
쇠고기이력정보서비스,21
축산물통합이력정보제공,72
공공취업정보 조회 서비스,99
산악안전정보 공유서비스,354
[특허] 해외특허 공보-유틸리티,0
[공통] 산업재산권 권리권자 변동사항,0
[특허] 기계번역용 국문초록,0
[특허] 한국특허영문초록-일반 검색,0
[특허] 해외특허 공보-일반 검색,0
중기예보정보조회서비스,137
일문 관광정보 서비스,0
서어 관광정보 서비스,0
중문 번체 관광정보 서비스,0
중문 간체 관광정보 서비스,0
노어 관광정보 서비스,0
독어 관광정보 서비스,0
국문 관광정보 서비스,0
불어 관광정보 서비스,0
영문 관광정보 서비스,0
공유(만료)저작물 서비스,0
환경영향평가 초안 공람정보 서비스,0
열차정보서비스,19
고속버스도착정보 서비스,16
고속버스정보 서비스,22
예술지식 음악정보 서비스,14
전국어린이놀이시설안전검사통계정보서비스,0
여행금지제도,41
숙박정보조회서비스,22
남원시 숙박지 정보 조회 서비스,66
오픈소스SW 라이선스정보 서비스,42
지표정보조회서비스,48
지표고유번호별설명자료조회,12
목록별지표조회서비스,14
지표명별설명자료조회,12
전국어린이놀이시설안전사고통계정보서비스,0
시정정보 조회서비스,26
전국우수어린이놀이시설통계정보서비스,1
버스위치정보조회서비스,19
관심서비스관리,3
부산 도시철도 열차시각표 조회 서비스,12
상세정보조회서비스,0
상세정보조회서비스(SOAP),0
전국 응급의료정보조회 서비스,151
관광지정보조회서비스,81
예술지식 무용정보 서비스,14
환경표지구매실적조회 서비스,78
사전/전략/소규모협의현황정보 서비스,0
전국 약국 정보 조회 서비스,43
축산물검수정보서비스,35
공공기관연계자료 서비스,0
환경표지인증정보조회 서비스,46
대기오염정보 조회 서비스,0
대기오염통계 서비스,0
음식점 정보조회서비스,88
오픈소스SW프로젝트정보 서비스,22
숙박정보조회서비스,69
예술지식 연극정보 서비스,14
전국어린이놀이시설코드정보서비스,0
시외버스정보 서비스,31
나라장터 낙찰정보서비스,415
문학속 한국 방언,26
학술지정보조회 서비스,10
남북한 언어사전 서비스,47
말뭉치보기 서비스,22
정겨운 우리말 서비스,20
전국어린이놀이시설기구정보서비스,0
전국어린이놀이시설안전사고정보서비스,0
전국어린이놀이시설행정처분통계정보서비스,0
조달청 물품관리정보서비스,17
조달청 물품목록정보서비스,238
공통코드조회,0
전국 자동심장 충격기 정보 조회 서비스(AED),24
전국어린이놀이시설보험가입정보서비스,0
사건사고 현황,37
남원시 음식점 정보 조회 서비스,63
음식점 정보조회서비스,39
전국어린이놀이시설안전교육정보서비스,0
우수재활용정보조회 서비스,46
게시판정보조회서비스,16
측정소정보 조회 서비스,0
오존황사 발생정보조회 서비스,0
국토지리정보원 지도서비스,19
국토지리정보원 코드정보서비스,4
국토지리정보원 검색서비스,487
지역별 한국 방언 서비스,29
외래어 표기법 서비스,26
로마자 표기법 서비스,20
순화어 서비스,22
한국 문화 기초 용어 서비스,18
학술지통계정보조회 서비스,27
학술지정보제공기관조회서비스,13
예술지식 영상정보 서비스,14
예술지식 문학정보 서비스,14
예술지식 축제문화정보 서비스,14
환경표지구매실적등록 서비스,18
업체정보조회 서비스,23
자가진단 소재지정보,0
환경영향평가 결정내용정보 서비스,0
환경영향평가 협의 현황정보 서비스,0
전국 병?의원 찾기 서비스,126
예술지식 미술정보 서비스,14
예술지식 건축정보 서비스,16
택배신청 저장 서비스,161
노인사회활동(노인일자리) 수행기관 정보,30
분석리포트메타정보,28
연구결과보고서메타정보,28
ICT통계간행물메타정보,27
ICT정기간행물메타정보,194
ICT산업통계서비스,156
R&D통계서비스,33
지하철정보서비스,0
국내항공운항정보 서비스,18
국내선박운항정보 서비스,16
도착정보조회서비스,23
버스노선정보조회서비스,31
버스정류소정보조회서비스,17
국가별 안전정보,26
농산물이력관리정보조회서비스,16
지상정보조회서비스,182
전국어린이놀이시설정보서비스,0
전국어린이놀이시설관리자정보서비스,0
전국어린이놀이시설안전검사정보서비스,0
전국어린이놀이시설행정처분정보서비스,0
전국우수어린이놀이시설정보서비스,0
전국어린이놀이기구통계정보서비스,0
전국어린이놀이시설안전관리사업통계정보서,0
성남시 재가장기요양기관 현황,0
현지 연락처,37
전국어린이놀이시설안전교육통계정보서비스,0
전국어린이놀이시설보험가입통계정보서비스,1
성남시 학교 체육시설 현황,12
ICT동향정보 메타정보,36
분실물정보 조회 서비스,0
환경영향평가 정보 서비스,0
나라장터 사전규격정보서비스,411
나라장터 입찰공고정보서비스,1251
나라장터 계약정보서비스,762
SW산업통계서비스,176
승강기 정보 및 검사이력 서비스,0
유지관리업체 정보 조회 서비스,0
축산물등급판정확인서 발급정보 서비스,0
축산물등급판정정보서비스,224
여행경보제도,51
국가별 기본정보,0
대륙 구분코드,10
농산물이력관리정보연계서비스,29
물건정보조회서비스,0
서귀포시 개별주택공시가격,0
서귀포시 문화예술행사정보,0
서귀포 예술의전당 예매정보,46
문화예술 문화공간 안내,6
도로파손신고서비스,0
이용기관공매물건조회서비스,0
캠코공매물건조회서비스,10
가로수파손신고서비스,0
기당미술관 전시안내,0
환경오염행위신고서비스,0
학교주변청소년유해업소신고서비스,0
대전광역시 문화관광(모범음식점),6
만족도평가서비스,0
대전광역시 문화관광(쇼핑),0
대전광역시 당직의료기관,3
KOSIS 통계목록 서비스,0
KOSIS 통계설명 서비스,0
KOSIS 통계자료 서비스,0
KOSIS 통계표설명 서비스,0
서귀포시 보건소 새소식(공지사항),8
공공시설물신설요청서비스,0
에너지과소비신고서비스,0
"가로등, 신호등 고장신고 서비스",0
서귀포자연휴양림 예약현황,7
서귀포시 개별공시지가정보,30
대전광역시 문화관광(관광지),28
자전거불편신고서비스,0
불법주차신고서비스,0
장애인구역 불법주차 신고서비스,0
성남시 의료기관 상세정보,11
운전중담배꽁초투기신고서비스,0
도로명판/건물번호판훼손신고서비스,0
민원조회서비스,0
쓰레기방치투기신고서비스,0
불법정차신고서비스,0
정부재산정보공개조회서비스,0
서귀포시 시정뉴스,12
온비드코드조회서비스,0
기타생활불편신고서비스,0
붉은오름 자연휴양림 예약현황,6
서귀포시 알림마당,12
서귀포시 평생학습관 교육강좌목록,10
서귀포시 행정자료실 도서목록,5
이중섭미술관 이중섭작품,7
소방서위치조회서비스,0
해외이주서비스,4
친환경인증정보,18
골프장 농약사용 정보,24
국가 대기오염물질 정보,20
화학물질 배출 ? 이동량 정보,21
법령정보 서비스,1
정도관리검증기관정보,17
화학물질 정보,64
우수기술사업화알림정보,30
보육업체소개,38
RDA특허정보,63
사업품종소개,38
농식품산업동향,34
신착특허정보검색,39
중부발전 대기오염물질배출 조회서비스,13
부두정보,12
연료도입실적조회 서비스,12
적하목록사전신고컨테이너무게정보조회,17
터미널 양적하 계획정보,14
역별시각표,19
연료소비실적 조회서비스,15
발전실적조회 서비스,14
예선 모니터링 서비스,13
컨테이너 상태정보,30
터미널 코드,8
발전소 주변농도 조회 서비스,9
연료정보지 다운로드 서비스,6
연료소비실적조회 서비스,15
주간연료정보지 다운로드 서비스,9
터미널 선사코드,5
통합화물 신고정보(하선신고),56
국외항구코드,9
도선 모니터링 서비스,14
미반출 컨테이너 목록,17
선박 관제정보,17
선박제원정보,35
연료도입실적 조회 서비스,8
발전실적조회 서비스,13
나노물질 정보,24
환경측정분석전문기관 인증정보,15
역간 소요시간/거리/요금,9
터미널모선코드,0
자동차 배출가스·소음정보,24
부산항 RFID 차량 출입자료,21
선박 입출항 정보,47
국민행동요령,16
터미널 컨테이너 장치정보,19
국민행동요령(기상이변),16
토양측정망 정보,41
지하수수질측정망 정보,42
유독물 GHS 정보,20
[NRF]기초학문자료센터-연구성과물검색서비스,40
부산 도시철도 역사 정보,3
사건정보 서비스,1
원자력발전소 실시간 대기안정도 현황,9
[인천공항] 여객편 운항현황 (다국어),29
[인천공항] 화물편 운항현황 (다국어),26
[인천공항]여객편 주간 운항현황,0
부산 도시철도 공공 시설물 정보,10
시설정보 조회 서비스,39
[인천공항] 공항 별 항공통계 서비스,28
[인천공항] 시간대별 항공통계 서비스,28
[인천공항] 국가별 항공통계 서비스,28
[인천공항] 항공사별 항공통계서비스,31
부산 도시철도 문화행사 정보,8
부산 도시철도 운행 정보,8
부산 도시철도 장애인 편의시설 정보,3
대전광역시 문화관광(숙박정보),20
사건통계정보 서비스,0
수질정보 조회 서비스,19
한국남동발전 발전실적 조회서비스,13
한국남동발전 연료도입실적 조회 서비스,8
한국남동발전 발전소 주변농도 조회 서비스,9
판례검색,0
한국남동발전 연료정보지 다운로드 서비스,7
최근 선고/변론사건 정보,4
대전광역시 스토리대전,13
판례정보,1
한국남동발전 대기오염물질배출 조회서비스,13
유량정보 조회 서비스,44
한국남동발전 연료소비실적 조회서비스,15
대전광역시 자동차 검사일,0
대전광역시 입찰정보,0
대전광역시 시정소식,6
대전광역시 대전뉴스동영상,1
대전광역시 시험정보,17
원자력발전소 실시간 온배수현황,11
서울특별시교육청 공공도서관 소장도서정보,22
광주광역시 BIS 노선-정류소 정보,2
관광용어 외국어 용례사전,0
원자력발전소 실시간 발전현황,11
원자력발전소 실시간 폐수 수질 현황,11
원자력발전소 실시간 기상정보,11
원자력발전소 실시간 주변 방사선량,11
동물보호관리시스템 유기동물 조회 서비스,59
반려동물 등록대행업체 조회 서비스,15
광주광역시 BIS 노선정보,1
광주광역시 BIS 도착정보,4
광주광역시 BIS 정류소 정보,0
청소년 활동정보 신고 프로그램 서비스,0
청소년 활동정보 인증프로그램 서비스,0
해운대구 자전거도로 정보 조회 서비스,9
법적상태정보 검색 서비스,0
부산버스정보시스템,94
보건의료기관조회서비스,0
공공기관조회서비스,42
공동주택현황조회서비스,19
군포시 정류장정보 제공서비스,11
청소년 활동정보 공지사항 서비스,0
청소년 활동 정보,0
청소년 활동정보 운영기관 서비스,0
청소년 활동정보 공공기관 프로그램 서비스,0
청소년 활동정보 방학 중 프로그램 서비스,0
국제교류프로그램 정보 서비스,0
군포시 노선정보 제공서비스,10
군포시 실시간버스정보 제공서비스,9
공시지가조회서비스,50
공공강좌정보조회서비스,35
개별주택가격조회서비스,50
국제거래정보서비스,0
파생결합증권정보서비스,0
단기금융증권정보서비스,0
교육기관조회서비스,87
주식정보서비스,0
CCTV 설치정보 조회 서비스,10
증권대차서비스,0
중구 맛집 조회 서비스,13
골목투어 조회 서비스,13
기업정보서비스,0
공연 정보 조회 서비스,17
주차장 정보 조회 서비스,16
금융용어조회서비스,0
전세자금대출 고객특성별 금리정보,0
전세자금대출정보,15
전세자금대출 지역별 만기도래 정보 조회,16
고성군 문화재 정보,18
공룡백과사전,32
고성군 숙박정보,16
청양문화관광,0
경남고성군 문화관광,18
고성군 기업체 기본정보,15
고성군 음식점 정보,18
청소년 활동정보 자원봉사프로그램 서비스,0
청양주요통계,0
해운대구 관내 복지관 프로그램 정보 조회 서,0
창업넷 콘텐츠 조회 서비스,18
해운대구 신착도서현황 조회 서비스,0
기술은행 기부/나눔 기술정보 DB 서비스,0
해운대구 착한가격 업소 정보 조회 서비스,0
해운대구 CCTV 정보 조회 서비스,0
기술은행 등록기술 특허 조회 서비스,28
기술은행 수요기술 조회 서비스,29
기술시장정보 및 부가정보 DB 서비스,83
기술은행 기술정보 DB 서비스,0
착한업소정보 조회 서비스,50
하수처리현황,23
소각처리현황,21
해운대구 공중화장실 조회 서비스,0
도내물가정보 조회 서비스,38
해운대구 교육.보육기관 정보조회 서비스,0
모범음식점정보 조회 서비스,48
제주교래자연휴양림 실시간 예약확인 서비스,6
해운대구 체육시설 정보 조회 서비스,0
해운대구 공원 정보 조회 서비스,0
심야약국정보 조회 목록 서비스,47
제주도 전시 문화 행사 일정,0
해운대구 사회복지시설 정보조회 서비스,7
해운대구 주차장 정보 조회 서비스,0
해운대구 관광지정보 조회 서비스,5
물질안전보건자료,0
해운대구 모범음식점 정보 조회 서비스,21
해운대구 행정기관 정보 조회 서비스,0
해운대구 맛집거리 조회 서비스,0
해운대구 도서관정보 조회 서비스,0
해운대구 숙박업소 정보 조회 서비스,0
해운대구 의료기관/약국 정보조회 서비스,0
해운대구 쇼핑상점 정보 조회 서비스,9
해운대구 수질검사결과 정보조회 서비스,0
고속도로 휴게소 기준정보 현황,7
휴게소 편의시설 현황 조회 서비스,18
휴게소 편의시설 현황,42
휴게소 브랜드 매장현황 조회 서비스,18
휴게소 이벤트 현황 조회 서비스,17
휴게소 푸드메뉴현황 조회 서비스,24
테마휴게소 현황 조회 서비스,15
LCS운영구간 교통량,19
고속도로 차로제어 시스템 정보,13
RMS 운영이력,14
LCS 운영이력,15
LCS 시행 유무(콘존단위),28
RMS진입로 신호조절 현황,17
알뜰(LPG) 주유소 현황,31
휴게소별 대표음식 현황,18
지적 재산권 현황,17
톨게이트간 통행시간 정보,19
실시간 영업소간 통행시간,26
도시간 소요시간,21
통행속도별 교통량,15
영업소간 교통량 정보 현황,30
통행거리별 교통량,13
톨게이트 목록 현황,18
영업소 위치정보,13
톨게이트 입/출구 교통량,29
문자정보 제공이력,18
안전주행 컨텐츠 정보,32
"주유소별 가격,업체 현황",10
영업소 진입조절 시행여부 현황,37
영업소 진입조절 본선현황,17
영업소 진입조절 영업소현황,15
노선별 방향별 일별 15분 구간교통량,20
실시간 영업소간 교통량 조회 서비스,17
실시간 영업소별 교통량  API 서비스,22
UNV 공석정보,17
분야별 공석정보,17
기구별 공석정보,17
코드정보(기구별/분야별) 조회,0
JPO 공석정보,17
최근 공석정보,16
인턴십 공석정보,17
공고문 조회,0
버스전용차로 구간 소통정보 및 이용률,16
버스전용차로  구간통행속도,41
좌표기반 RMS 시행유무 조회,9
버스전용차로 시행여부 현황(콘존단위),0
버스전용차로 운영이력,0
VMS 표출내용 현황,25
VMS 본부별 목록 현황,16
현재 교통예보 현황,29
자립형일자리 사업모집공고,77
자립형일자리 코드 정보,12
자립형일자리 수행기관,16
문화유산 기록정보자원,61
강원도 여행길잡이,5
디딤돌대출금리정보,16
검진기관 찾기 서비스,0
검진기관별 정보제공 서비스,0
약국정보서비스,16
특수진료병원정보서비스,126
질병정보서비스,57
적격대출금리정보,14
국가건강검진기관정보 코드조회 서비스,0
병원코드정보서비스,48
병원정보서비스,14
의료기관별상세정보서비스,69
비급여진료비정보서비스,12
진료행위정보서비스,31
정보서비스안내,33
거래업체정보,52
거래물품정보,40
수출예정정보,63
내국거래 실적정보,78
대학경쟁력알림 서비스,140
대학공시정보 대학비교통계 서비스,295
대학공시정보 지역별 통계 서비스,418
대학공시정보 코드조회,77
후원관리정보,0
자원정보조회,0
사회복지시설정보,15
부산 영화 정보서비스,44
부산 문화/공연/전시 정보서비스,160
체험마을 체험쇼핑,0
부산 역사정보,69
스토리텔링 원형정보 서비스,3
공공조형물 정보 서비스,6
부산 관광가이드 상담사례 정보 서비스,15
부산 문화관광정보,178
부산 갈맷길 코스 정보 서비스,27
"체험마을 시설, 캠핑, 동영상 및 후기",0
농어촌체험마을,0
체험마을 체험프로그램,0
체험마을 먹거리,1
체험마을 잠잘거리,0
체험마을 즐길거리,0
수출입총괄 서비스,0
해안선통계 정보 서비스,12
연안정지관측정보,16
정선해양관측정보,30
실시간어장정보,20
해양생물종정보,7
적조정보,28
위성해양영상정보,17
해파리정보,13
농기계안전정보 서비스,28
격자별 단계정보,0
군수품조달정보 조달계획서비스,31
군수품조달정보 입찰결과서비스,0
군수품조달정보 계약정보서비스,0
군수품조달정보 코드조회서비스,0
국가농작물품목별병해충도감정보서비스,0
군수품조달정보 입찰공고서비스,77
농업농촌종합정보(인테러뱅) 서비스,42
작물영향진단 서비스,41
일반판매기술 정보서비스,192
출원시 이전 희망기술 조회서비스,54
국유판매기술 조회서비스,137
기관보유기술 조회서비스,24
상표 정보 검색 서비스,0
심판 정보 검색 서비스,0
특허패밀리정보 검색 서비스,0
특허실용신안 정보 검색 서비스,162
디자인 정보 검색 서비스,164
과제정보서비스,42
과제상세정보서비스,2
한양방병증매핑정보 서비스,1
병증정보 서비스,8
용어사전정보 서비스,0
전통공예정보 서비스,6
화합물정보 서비스,6
논문정보 서비스,39
약재정보 서비스,27
전통식품정보 서비스,6
고용/산재보험 현황정보,17
근로복지지원현황,0
숙박정보 조회 서비스,19
지가지수 조회 서비스,8
전국지가변동률조사 통계조회 서비스,0
화재 현황 정보 서비스,0
제주시 축제/행사,17
청소년수련관 프로그램정보,17
평생학습센터 강사정보 조회,18
평생학습센터 평생교육기관정보,16
제주시 교육강좌 정보,14
평생학습센터 평생교육소식정보,14
연안자료제공 서비스,6
상업용부동산 임대동향 조사 통계조회서비스,0
전국주택가격동향조사 통계 조회 서비스,121
월세가격지수 조회 서비스,0
월세가격동향조사 통계 조회 서비스,67
영도구 CCTV 현황,2
제대군인 군특기 정보,0
석탄회발생관리조회 서비스,8
강진 고려청자 도면 리스트,0
강진고려청자 list,0
강진 고려청자 이미지 리스트,0
산업재산권관리 서비스,8
종합폐수처리량관리 서비스,11
오산시 공중화장실 현황 조회,0
오산시 맛집정보 OPEN API,39
오산시 제세동기현황,8
오산시 병의원 현황 조회,10
오산시 약국현황 조회,9
오산시 방범용 CCTV현황 OPEN API,0
연료사용량 조회 서비스,20
둘레길 정보 조회,7
백두대간 등산로 정보 조회,9
입찰정보조회 서비스,19
등산로 위치 정보 조회,0
안산시 교통소통정보 조회 서비스,38
공사감독정보 조회 서비스,16
옹벽정보 조회 서비스,16
방음벽정보 조회 서비스,13
어린이대공원행사정보 조회 서비스,12
월드컵주경기장 사용정보 조회 서비스,13
서울월드컵경기장 현황정보 조회 서비스,16
월드컵보조경기장 사용정보 조회 서비스,13
월드컵경기장 부속시설물 사용정보 조회 서,13
도로위치인식표지 정보 조회 서비스,26
온실가스배출량 조회 서비스,16
에너지사용량 조회 서비스,16
입찰공고결과조회서비스,0
어린이대공원 입장객 현황정보 조회 서비스,13
한국남동발전 건설기술스펙 다운로드 서비스,11
경상남도 의령군 개별공시지가 API,41
광산구 개별공시자가 정보 조회,16
해양환경측정망 API,6
해양수질자동측정망 API,8
기상관측정보 조회서비스,42
종목별 자격정보 조회,8
종목 목록 조회,10
국가전문자격 시험 시행일정 조회 서비스,8
국가기술자격 종목별 시험 일정정보,0
안동시 개별공시지가 조회,0
토지거래현황 조회 서비스,8
부동산 거래 통계조회 서비스,0
아파트거래현황 조회 서비스,8
담보가치 정보조회 서비스,8
녹색건축 인증현황 조회 서비스,9
아파트실거래가격지수 조회 서비스,8
실거래가격지수 통계 조회 서비스,19
KOTRA 해외전시장 정보 조회 서비스,0
KOTRA 해외전시회 정보 조회 서비스,0
KOTRA 전시사업자 정보 조회 서비스,0
강북구 스포츠센터 시설 이용현황,14
자전거사고다발지역정보서비스,18
보행노인사고다발지역정보서비스,32
스쿨존어린이사고다발지역정보서비스,21
보행자무단횡단사고다발지역정보서비스,32
보행어린이사고다발지역정보서비스,21
사망교통사고정보서비스,44
한국특허영문초록-일반 검색(REST),0
한국특허영문초록-서지(REST),0
한국특허영문초록-도면(REST),0
한국특허영문초록-항목별 검색(REST),0
해외특허 공보-유틸리티(REST),0
해외특허 공보-서지(REST),0
해외특허 공보-일반 검색(REST),0
해외특허 공보-도면/전문(REST),0
해외특허 공보-항목별 검색(REST),0
"특허/실용신안 분류코드 이력정보-IPC,CPC(SOAP)",0
워크넷 사용자 학과정보,0
기자재유자격품목조회 서비스,7
탈황석고처리관리 서비스,7
입찰공고정보조회 서비스,31
보훈병원 비급여 수가 정보,20
채용정보,7
입찰정보,7
자재입찰정보,26
공사입찰정보,34
인천항 물동량 처리 실적 정보,147
입찰공고현황 조회서비스,12
발전기별 판매량 및 설비용량 조회서비스,7
신재생에너지 사업현황 조회서비스,5
황 조회서비스,5
석탄 재활용 내역 조회서비스,6
온실가스 배출현황 조회서비스,12
폐기물 처리내역 및 현황 조회서비스,9
전기생산량 정보조회 서비스,17
열생산량 정보조회 서비스,17
발전용수 생산 및 사용량 조회서비스,10
소비탄 성상 및 미연분 현황 조회서비스,13
연료정보지 조회서비스,6
석탄 화력발전소 인허가 조회 서비스,5
"인천항 선박 입출항 신고,  선박 관제 정보",54
공공데이터포털목록조회서비스,0
"인천항 화물, 컨테이너 반출입 신고정보",152
인천항 컨테이너터미널 싱글윈도우정보,74
인천항 예도선 정보,29
인천항 갑문 통합 정보,112
"인천항 항만시설, TOC, 수역시설 사용 정보",129
입항정보,21
화물료신고정보,13
출항정보,21
항만시설이용정보,22
선박 관제정보,14
국가 및 항구 코드정보,16
"인천항 항만 시설 코드, 선사 코드 정보",34
인천항 항만 부지 입찰 내역 정보,68
김포공항 익일예상승객 조회,13
일별 예상승객정보 및 혼잡여부,10
연구주제별(5대분야 30대 분류) 발간물 정보,24
과학기술정책연구원 발간물 정보 조회,0
전라남도 도립도서관 도서 및 대출 현황,0
선박 제원 정보,33
선석 이용 정보,37
터미널 혼잡도 정보,15
경정 - 보트정보,18
경정 - 경주결과,24
경정 - 배당률,22
경정 - 모터정보,18
경정 - 선수정보,27
경정 - 출주표,52
한국원자력환경공단 개봉선원폐기물 현황,9
한국원자력환경공단 밀봉선원폐기물 현황,9
유물정보(국립청주박물관),0
공연 정보(예술의 전당),0
시나리오 정보(한국영상자료원),0
도서 정보(한국영상자료원),0
공연정보(국립김해박물관),0
전시정보(국립현대미술관),0
유물정보(국립춘천박물관),0
공연정보(국립민속국악원),0
유물정보(국립대구박물관),0
경륜 - 경주결과,26
경륜 - 선수정보,32
경륜-출주표,58
경륜 - 배당률,22
한국원자력환경공단 실시간 주변 기상정보,0
한국원자력환경공단 실시간 주변 방사선량,16
한국원자력환경공단 사일로(Silo) 처분현황,13
체육지도자 연도별자격취득현황 API 서비스,0
중부발전 발전소 건설현황,7
중부발전 REC 현물시장 거래현황,7
중부발전 신재생에너지 건설현황,7
중부발전 발전소 온배수 배출량,7
제주시 개별주택공시가격 정보,19
제주시 개별공시지가정보 조회,14
전주시 공사 일정 정보 서비스,54
한국남동발전 채용정보 다운로드서비스,11
부산광역시 무인민원발급기정보,39
지하수코드조회서비스,11
온라인 가격 정보,9
광양항 컨테이너 터미널 혼잡도 정보 조회,15
여수광양항만공사 자산운영정보 제공,0
부산 실시간 환경방사선 현황 정보 조회,4
부산 착한가격업소 조회,4
부산 상수도공사현황 조회,9
주요품목가격,0
실시간 교통정보,7
교통정보 일간 통계,7
제주 버스정보시스템,0
교통정보 1시간 통계,7
수원시 불법주정차 CCTV,11
경기도 수원시 CCTV 정보,18
영천시 동물약국현황,0
동물병원 현황,9
영천시 체육시설업현황,9
영천시 모범음식점지정현황,9
영천시 일반음식점현황,0
영천시 약국현황,3
영천시 노인복지시설현황,0
영천시 주유소현황,8
의료기관현황,3
영천시 방범용 CCTV 설치현황 조회,0
영천시 어린이 CCTV 운영현황,12
영천시 공원현황,9
부산광역시 주차장정보,45
재난안전 정보,0
보건 안전,0
맞춤안전 정보,0
시설안전 정보,0
치안안전 정보,0
사고안전 정보,0
산업안전 정보,0
교통안전 정보,0
전주전산화번호 조회 서비스,16
CCTV정보,0
공중화장실정보,0
건축인허가정보 서비스,570
무선인터넷존 위치정보 서비스,49
주택인허가정보 서비스,597
건축물대장정보 서비스,474
폐쇄말소대장정보 서비스,491
경상북도 공중화장실 정보조회,2
성남시 저소득 한부모 가족현황,12
성남시 금연구역지정(학교정화구역) 현황,12
성남시 금연구역지정(버스정류장) 현황,10
성남시 직업소개소 현황,10
성남시 벽보 지정게시대 위치 현황,9
성남시 현수막 지정게시대위치 현황,8
성남시 성남아트센터 강좌정보,0
성남시 시립예술단 연간공연계획,0
성남시 성남문화재단 미디어센터 교육정보,29
성남시 성남문화재단 미디어센터 도서정보,17
수산물이력 상세 정보제공 서비스,86
수산물이력 기본 정보제공 서비스,77
지구대현황 서비스,0
교통시설물정보조회,7
충남 주요 음식점,0
거제시 의료기관 정보,44
충남 시군별 관광명소,0
충청남도 15시군 주요축제,0
충남 주요 숙박업소,0
충남 주요 농어촌 체험관광,0
충남 주요 지역특산물,0
경상북도 어린이보호구역 정보 조회,1
경상북도 노인복지시설 현황 서비스,25
경상북도 무료급식소 정보조회,1
경상북도내 재래시장(5일장) 정보조회,0
경상북도 지방공공요금 정보 조회,27
경상북도 사회적기업 정보조회,3
경상북도 전통시장 정보조회,4
경상북도 농축산물요금 정보 조회,27
경상북도내 마을기업 조회,0
경상북도 밥상물가 정보 조회,27
경상북도내 사회적기업 조회,0
경상북도 개인서비스요금 정보 조회,27
경상북도내 협동조합 조회,0
경상북도 주차장 정보조회,8
경상북도개발공사 미분양 택지내역 정보조회,0
경상북도 대급지급 정보조회,5
경상북도개발공사 택지분양현황 정보조회,0
경상북도개발공사 공사비 지출내역 정보조회,1
경상북도개발공사 계약정보 조회,8
경상북도 계약 정보조회,0
경상북도내 시군 주민센터 현황 조회,3
경상북도내 주요 도로사업 추지 조회,3
거제시 공연전시 정보,85
"공영주차장(노상,노외) 현황",0
거주자우선 주차장 정보,0
수정도서관 강좌정보,0
중원도서관 강좌정보,0
수정도서관 상영정보,0
탄천종합운동장 체육프로그램 정보,0
경상북도내 주요바다 수온정보 조회,7
공주 주요통계,0
공주 관광정보,0
어린이보호구역,39
부산광역시 어린이보호구역정보,6
시화조력 수문정보 조회 서비스,8
보령 관광명소 정보,0
보령 숙박시설 안내,27
안전 기준 상세 정보,0
철강 ASTM 표준 검색,0
철강 JIS 표준 검색,0
철강 KS 표준검색 정보,0
강종정보 파일 다운로드,0
고령자 및 장애인 배려 설계 지침 상세,0
고령자 및 장애인 배려 KS 표준,0
[LED]국내 시험기관 정보,0
[LED]표준안 분석  정보-이력정보,0
[LED]표준안 분석 정보,0
[LED]관련된  해외표준화 기관 정보,0
[LED]KS  인증제품정보 및 생산자 정보,0
[LED]관련 산업분야 국내인증기관 정보,0
[LED]안전정보,0
[LED 산업기술통합정보]관련 산업분야 해외인,0
표준으로 시장을 지배하는 법,0
고령자 운동서비스,0
안동시 의무관리현황(병원) 조회,4
안동시 보육시설현황 조회,3
안동시 사회복지시설현황 조회,4
안동시 의약관리현황(약국) 서비스 조회,3
안동시 구인구직 현황,2
안동시 개별주택가격 서비스 조회,0
국민연금 가입 통계정보제공 서비스,0
장애인활동지원정보조회서비스,0
다목적댐 가뭄정보 조회 서비스,18
장애인활동지원기관정보조회서비스,0
우편번호 정보조회,12
집배구 구분코드 조회서비스,6
영문우편번호조회서비스,55
우편접수용 우편번호조회,12
김천시 공원 정보 제공,17
김천시 공중화장실 정보 제공,27
이송업체 구급차 정보조회 서비스,54
아이디어 DB,0
김천시 도서 정보 제공,22
김천시 전통시장 현황 정보 제공,24
김천시 기업체 현황 정보 제공,13
김천 혁신도시 인근생활시설 정보,14
김천시 농공단지 입주기업 정보 제공,13
김천시 산업단지 입주기업 현황,13
김천시 이미용 업소현황,14
김천시 다중이용시설 정보 제공,14
김천시 배수펌프장 및 배수문 현황 정보 제공,20
김천시 보건지소 정보 제공,12
김천시 공중보건의사배치 정보 제공,13
김천시 공중위생업현황 정보 제공,13
김천시 모범음식점 정보 제공,13
김천시 의료기기 판매 정보 제공,14
김천시 안경업소 현황 정보 제공,12
김천시 치과기공소 현황 정보 제공,13
김천시 사회적기업 등록 정보,23
김천시 직업소개소 정보 제공,12
김천시 체육시설 현황 정보 제공,14
김천시 체육시설 업체 현황 정보 제공,12
김천시 무단투기 CCTV 설치현황,12
김천시 유흥단란주점 정보 제공,13
김천시 안전상비의약품 판매 정보 제공,13
약국 운영 현황,13
김천시 다소비 일반의약품 판매 정보 제공,16
김천시 무료급식소 정보 제공,21
김천시 개방등산로 및 통제구역 정보 제공,0
김천시 종량제봉투 판매소 정보 제공,12
김천시 하수처리방류수질 정보 제공,0
김천시 관말 잔류염소 검사결과 정보 제공,20
김천시 건설업 정보 제공,16
김천시 옥외광고업 등록 업체 정보 제공,0
김천시 현수막일반게시대 정보 제공,11
김천시 벽보게시판 정보 제공,0
김천시 보호수지정현황,0
김천시 농업기술 동영상 교육 정보,14
평생학습강좌,34
김천시 평생교육일정 정보 제공,0
김천시 시민정보화교육일정 정보 제공,18
김천시 유아청소년 성인금연교육 정보 제공,13
김천시 하수처리시설 위치 현황,51
김천시 가로수 및 가로화단 정보 제공,35
지하수 방치공 현황 조회 서비스,10
국가지하수관측소 수질정보 조회 서비스,41
자전거종주인증센터 정보 조회 서비스,10
문화관정보 조회 서비스,10
김천시 지진재난이재민수용시설 정보 제공,14
예산군청 문화관광 정보 서비스,0
전국장애인편의시설정보조회,22
김천시 귀촌귀농 현황,26
김천시 작목 산지 유통 정보,0
김천시 작목별 지역정보,0
김천시 귀촌귀농 우수사례,14
김천시 귀농귀촌 교육정보,15
실시간조류정보 인천,0
해양기상신호 인천,0
NIPA 3D 프린팅정보활용 포털시스템,39
누리장터 민간입찰공고서비스,368
지방상수도 수돗물 단수정보 조회 서비스,0
한국남동발전 산업재산권 조회서비스,4
대전광역시 문화축제,2
공중이용시설 현황(업무시설),0
공중이용시설 현황(복합건축물),0
한국직업방송 프로그램 동영상,0
작물별 주산지 상세날씨 정보,125
관광코스별 관광지 상세 날씨 정보,45
문화누리카드 오프라인 사용처,14
예술가의집 기획프로그램 목록,17
아르코예술인력개발원 무대교육 프로그램,17
대전광역시 도시공원,2
대전광역시 어린이보호구역,2
성동구립 체육시설 강좌정보 OPEN-API,0
성동구도시관리공단 체육시설 대관정보,0
연구개발 과제정보조회 서비스,29
전력거래시장 운영정보조회 서비스,13
실시간 발전량 및 전력수급현황 서비스,11
전력거래정보 서비스,12
중소기업지원사업 공고조회 서비스,12
기상현황 급전속보 조회 서비스,13
발전실적 급전속보 조회 서비스,11
연료현황 급전속보 조회 서비스,12
발전원별 점유율 급전속보 조회 서비스,16
전력수급 급전속보 조회 서비스,26
발전소별 공급능력 조회 서비스,13
연료별 공급능력 조회 서비스,9
발전회사별 점유율 급전속보 조회 서비스,16
평생학습강좌정보,0
어린이집정보,0
사회적기업 현황,39
노선현황정보,8
전통시장 현황,47
민박펜션 업소 정보,43
무인민원발급기 현황,0
도서관 정보,0
무료급식소 정보,0
문화축제 정보,0
CCTV 정보,0
경기도 수원시 주차장목록,36
경기도 수원시 도시공원목록,22
경기도 수원시 어린이보호구역 정보,17
경기도 수원시 무인민원발급기 정보,16
경기도 수원시 전통시장 정보,21
경기도 수원시 공연행사목록,29
경기도 수원시 민박펜션업소 정보,19
경기도 수원시 관광안내소 정보,29
산악기상관측정보,0
경기도 수원시 도서관목록,26
경기도 수원시 교육강좌,22
경기도 수원시 평생학습강좌 정보,30
경기도 수원시 전기차충전소 정보,24
경기도 수원시 무료와이파이 정보,20
중국농산물 가격정보,0
경기도 수원시 무료급식소 정보,18
올림픽공원 지샘터 도서정보,0
경기도 수원시 사회적기업 정보,19
경기도 수원시 상수도수질검사 정보,72
사회적기업정보,0
무료와이파이정보,0
어린이보호구역정보,0
무인민원발급기 현황,17
불법광고물신고서비스,0
경상남도 의령군 도시공원정보 API,32
경상남도 의령군 어린이보호구역 API,27
경상남도 의령군 주차장정보 API,0
경상남도 의령군 공중화장실 API,36
경상남도 의령군 CCTV현황 API,27
경상남도 의령군 민박/펜션업소 API,41
경상남도 의령군 어린이집 API,25
경상남도 의령군 농어촌체험마을 API,31
익산시 사회적기업 정보,24
익산시 무인민원발급 정보,23
화장실 정보 서비스,0
보성숙박 정보 서비스,24
주차장 정보 서비스,44
API_부동산유휴토지목록,13
행사안내 정보,21
호수공원 수질정보,14
감염병관련 예방접종 정보 제공 API,11
선박정보 서비스,18
버스정보 서비스,19
문화유적 정보 서비스,90
도시공원 정보 서비스,22
어린이보호구역 정보 서비스,24
공중화장실 정보 서비스,29
주차장 정보 서비스,0
전통시장 정보 서비스,27
CCTV 정보 서비스,0
사회적기업 정보 서비스,0
무인민원발급 정보 서비스,0
무인민원발급 정보,24
제주지역 상세기상정보 조회서비스,0
국민연금 수급 통계정보제공 서비스,0
경상남도 각종 채용 정보,0
경상남도 시험정보,0
경상남도 시험장소,0
경상남도 합격자발표,0
공연 전시 축제 정보,0
경상남도 통계정보,0
시군별 전통시장 정보,0
제주시 문화예술의거리 정보,9
제주아트센터 공연 정보,24
지구자기장 지수,0
경기도 수원시 생활 밀접품목 가격동향,0
부산광역시 평생학습강좌정보,6
부산시 도시공원정보,6
부산광역시 공중화장실정보,34
부산광역시 사회적기업정보,6
문화축제,24
무료와이파이 설치 정보,23
농어촌체험마을정보,24
제주 생활방언 정보,0
제주 속담사전 조회,0
제주 방언사전 정보,0
공공시설개방정보,33
치매 상담센터 현황(2015),0
어린보호구역 정보 서비스,24
정신 보건 관련기관(시설) 현황(2015),0
공공자전거 운영 현황(2015),0
2015년 경기도 축산물 미생물 검사결과 현황,0
축산물 잔류검사(2015),0
치어생산보급현황(2015),0
수산물 안전성 검사결과 현황(2015),0
경기도 영상산업 지원정보(2015),0
경기 콘텐츠기업 현황(2014),0
시군별 시티투어 운영 현황(2015),0
시군별 문화관광 해설사 운영 현황(2015),0
어린이 놀이시설 정보(2015),0
창업보육 센터 현황(2014),0
2015년 경기도 천연가스 자동차보급 집계 현황,0
관광농원 지정 현황(2015),0
농업인 양성현황(2014),0
토양전문기관 및 토양정화업체 현황(2015),0
관광지 관광객 통계(현황)(2014),0
물가정보 현황(2015),0
평생교육 대학운영 현황(2015),0
자동차 관련업 현황(2015),0
"후원방문 판매업,다단계 판매업,선불식 할부",0
경기도 장례관련정보(2015),0
지역농산물 판매현황(2015),0
농지면적 및 농업진흥 지역면적 현황(2014),0
경기도 외국인 거주현황(2015),0
다문화 가족지원센터 현황(2015),0
경기도 축산관련시설 정보(2015),0
2015년 가축 전염병 발생 현황,0
2015년 경기도 일반 협동조합 현황,0
대기측정 대행업체 현황(2015),0
수목원 현황(2015),0
경기도 산사태 발생 및 방지 현황(2013),0
보호수지정 현황(2015),0
공연예술단체 현황(2015),0
버스전용차로 현황(2014),0
중금속 측정 결과 현황(2014),0
보육교사 교육원 현황(2015),0
공장등록 현황(2015),0
상수도 보급 집계 현황(2015),0
하수 처리시설 수질 검사결과 현황(2015),0
경기도 수질검사 현황(2014),0
경기도 취정수 현황(2015),0
상수원 보호구역 현황(2015),0
소하천 수질 오염도 현황(2015),0
수질 자동측정소 현황(2015),0
경기도 상하수도 요금정보(2015),0
낚시터 현황(2015),0
비점오염 저감시설 현황(2015),0
음식 문화개선 특화 거리지정 현황(2015),0
경기도 아동 복지시설 현황(2015),0
경기도 여성복지지원 정보(2015),0
음식물 폐기물 처리시설 현황(2015),0
생활 폐기물 처리시설 집계 (2015),0
경기도 청소년 지원시설(2015),0
아이돌봄 서비스 제공기관 현황(2015),0
경기도 영화상영관 현황,0
재활용센터 현황(2015),0
온천 현황(2015),0
재해피해 및 복구집계 현황(2015),0
주민 대피시설 현황(2015),0
물류단지 시설정보 현황(2015),0
공공체육시설 현황(테니스),0
공공체육시설 현황(축구),0
친환경 인증 집계 현황(2014),0
하천 현황(2015),0
경기도 수질 오염 배출 현황(2015),0
공공폐수 처리시설 현황(2014),0
생태 우수마을지정 현황(2015),0
경기도 동물 보호 및 치료기관 현황(2015),0
진단용 방사선 발생장치 현황(2015),0
공유재산 현황(2015),0
집단급식소 현황(2015),0
경기도 출판사 및 인쇄사 현황(2015),0
의료기기 판매(임대)업체 현황(2015),0
경기도 의료 유사업 현황(2015),0
경기도 공중위생업(2014),0
2015년 요양 보호사 교육기관 현황,0
소독업체 현황(2015),0
경로당 현황(2015),0
경기도 숙박업 현황(2015),0
문화재 수리업체 현황(2015),0
문화예술법인 현황(2014),0
관광극장 유흥업체 현황(2014),0
민박펜션업소 현황(2015),0
관광 숙박업체 현황(2015),0
지방문화원 현황(1999),0
경기도 여행업 현황(2015),0
지하수 시공업체 현황(2015),0
경기도 생활폐기물 처리 정보(2015),0
공중화장실 현황(2015),0
특수여객업체 현황(2015),0
저수조 청소업관리 현황(2015),0
경기도 화물운송업 정보(2015),0
분뇨수집 운반업체 현황(2015),0
배출시설 설치사업장 현황(2015),0
공중이용시설 현황(복합건축물),0
수원시 공공시설개방 정보 서비스,0
노동조합 현황(2015),0
경기도 민방위 시설 현황(2015),0
거제시 문화축제,47
환경소음 정보,22
고속도로 출입시설 위치정보,13
AVC 설치정보 조회 서비스,22
VDS 설치정보 조회 서비스,25
총 통행속도(TCS기준),17
차로별 차종 구성 및 위반율,18
시간대별 교통량 현황,13
중앙분리대 개구부,13
우회도로,13
설해취약구간,13
내진미반영교량,14
비상연결로,7
재난교통사고 속보,7
긴급구조기관,8
1종시설물-교량,14
소상공인 상가업소 정보 서비스,0
국가별 여행경보 히스토리 목록조회,33
공공자전거 어울링 정보,81
국가별 공지사항 목록조회,33
울산광역시 무료와이파이 현황,44
울산광역시 공중화장실 현황,28
약용식물서비스,20
자전거보관소 정보 서비스,25
중개업소 정보 서비스,19
가로등 정보 서비스,17
보안등 정보 서비스,44
교통카드충전소 운영현황,20
민방위 급수 시설 정보 서비스,26
민방위 대피시설 정보 서비스,30
분리수거함 설치 정보 서비스,21
무연탄 판매 가격표,13
농업기계 성적서,18
신구표준코드매핑정보,15
농수축산물 표준코드 매핑 정보 서비스,92
농수축산물 도매시장 상세 경락가격 서비스,0
산지위판장 경락가격정보 서비스,29
농수축산물 품목별 상세조사가격 서비스,0
산지공판장 경락가격정보 서비스,0
표준코드조사가격 매핑 정보 서비스,0
전국공공체육시설정보서비스,39
표준코드국제코드 매핑 정보 서비스,50
GPC품목매핑목록조회,0
사회참여 자원조회,0
교육정보 목록 검색,0
국가표준곤충목록 서비스,91
기증자료 서비스,30
수협 산지조합 위판장 정보,0
위판장별 위탁판매 현황,0
일자별 위탁판매 현황,0
수협 산지조합 위판장 현황,15
수협 산지조합 정보,0
위판장별 어종별 위탁판매 집계,0
수협 산지조합 창고 정보,13
수협 산지조합 창고별 매출처 정보,0
수협 산지조합 창고 품목별 재고 현황,0
수협 산지조합 창고 품목별 입출고 현황,0
수협 물류센터/공판장 품목별 입출고 현황,0
수협 물류센터/공판장 품목별 재고 현황,15
수산물 품목별 수출입 현황,0
수산물 HSK품목별 수출입 현황,0
국가별 수산물 수출입 순위 정보,0
국가별 수산물 수출입 현황,0
수산물 수출입품목분류코드,0
울산광역시 전기차충전소 API,34
울산광역시 휴양림 API,42
울산광역시 관광안내소 현황,73
울산광역시 농어촌체험마을 API,44
자재 소비현황,29
울산의 명산 현황,48
울산광역시 영남알프스 등산 정보,46
울산광역시 민박펜션,55
울산광역시 게스트하우스/한옥스테이 정보,54
울산광역시 호텔 정보,54
울산광역시 굿스테이 API,42
해양생태도 정보제공 서비스,5
해양생태계 종합조사(연안생태분야) 정보제,78
해양생태계 종합조사(갯벌생태분야) 정보제,72
갯벌 정보제공 서비스,0
해양생물 서식 정보제공 서비스,8
해양 관광 정보제공 서비스,14
사망원인별 화장현황 조회 서비스,13
연령별 화장현황 조회 서비스,12
지역별 화장현황 조회 서비스,13
의사일정 정보제공 서비스,0
대지권등록정보조회서비스,123
토지등급정보조회서비스,0
지적도근점정보조회서비스,9
법정구역정보조회서비스,9
토지임야정보조회서비스,0
지적삼각점정보조회서비스,0
지적삼각보조점정보조회서비스,9
공유지연명정보조회서비스,11
연속지적도형정보조회서비스,9
부동산정보WFS서비스,258
토지이용계획정보서비스,0
도서정보서비스,0
토지소유정보서비스,0
용도지역지구정보조회서비스,126
국회의원 정보제공 서비스,0
음양력 정보제공 서비스,144
출몰시각 정보제공 서비스,0
월령 정보제공 서비스,0
특일 정보제공 서비스,8
천문현상 정보제공 서비스,0
태양고도 정보제공 서비스,36
주민자치프로그램,36
후원방문사업자 정보제공 서비스,73
레이더정보,48
낙뢰정보,26
건축물유지점검정보 서비스,195
부산항 국제여객터미널 운항정보 서비스,0
한우씨수소정보,0
난방지수정보 조회서비스,38
젖소유전능력평가결과,0
품목별 유전자원 정보,0
경찰서 정보,18
관리사무소 정보,17
우체국 정보,16
세종특별자치시 채용정보,20
세종특별자치시 기상정보,51
전국 도시공원표준데이터,18
전국 어린이보호구역표준데이터,12
전국 공중화장실표준데이터,26
전국 무인민원발급표준데이터,17
전국 전통시장표준데이터,21
전국 사회적기업표준데이터,16
전국 주차장표준데이터,46
무장애 여행 정보 서비스,0
광주 도시철도 역사 위치 및 면적 정보,3
공동주택 수의계약 공지 정보제공 서비스,25
공동주택 입찰공고 정보제공 서비스,101
공동주택 입찰결과공지 정보제공 서비스,102
공동주택 에너지 사용 정보제공 서비스,12
공동주택하자담보책임기간정보제공서비스,11
공동주택 유지관리 이력 정보제공 서비스,30
회계감사보고서 정보제공 서비스,3
전기자동차 공공충전소 현황,13
착한가격업소 현황,34
세종시 약국 목록 정보,17
(2015년) 병사 개인피복 지급 기준 정보,0
(2015년) 학군단 연락처,0
(2015년 이전) 병사 봉급 정보,0
(2015) UN군 참전 및 피해 현황 정보,0
(2015) 군 계급코드,0
(2015) 군급분류 코드,0
(2015) 매각 대상 군 토지 정보,0
(2015) 장병 체력 검정 기준,0
PX 인기상품 정보,0
(2015)군 복지시설 주변 관광지 정보,0
(2016)병사 할인 혜택 정보,0
(2015)여행장병 안내소 연락처,0
(분기별) 군 감염병 현황 정보,0
병영표준 식단(3군수지원사령부),0
전국 cctv표준데이터,17
전국문화축제표준데이터,23
전국민박/펜션업소표준데이터,0
전국공연행사표준데이터,31
전국무료급식소표준데이터,0
전국어린이집표준데이터,23
전국 도서관표준데이터,32
전국평생학습강좌표준데이터,32
전국 휴양림표준데이터,19
전국 관광안내소표준데이터,28
전국농어촌체험마을표준데이터,21
전국상수도수질검사표준데이터,0
전국전기차충전소표준데이터,0
전국 무료와이파이표준데이터,0
전국공공시설개방표준데이터,58
광양항 풍향 풍속 정보,0
제주 가맹점주 월별 소비패턴 정보 서비스,19
제주 공공와이파이 설치 정보 서비스,19
제주 공공와이파이 이동경로 정보 서비스,19
제주 비콘 설치 정보 조회 서비스,30
제주 월별 입도객 정보 서비스,18
제주 공공와이파이 일별 방문패턴 정보,15
제주 사용자 월별 카드 소비패턴 정보 서비스,19
전국금연구역표준데이터,16
전국세차장표준데이터,22
전국보호수표준데이터,24
전국무더위쉼터표준데이터,24
전국재해위험지구표준데이터,0
전국도시철도노선정보표준데이터,0
전국도시철도역사정보표준데이터,0
전국도시철도운행정보표준데이터,0
대한무역투자진흥공사 산업단지 조회,0
국가정책연구포털 연구정보,0
농촌마을별 자원 및 조직정보,8
행복마을만들기 선정마을정보,0
행복마을만들기 콘테스트 실적,0
농촌마을별 기본정보,0
농촌마을별 인원정보,0
농촌마을 기본현황 정보,0
국제 및 연안 여객터미널실시간운항정보,38
토양검정 화학성 분석 자료 서비스,0
공연행사 정보 서비스,34
대구 의료관광 선도의료기관,0
영화상영관 현황,0
거제시 버스정보,68
승객 예고 - 출입국별(국문),13
출국장 현황 정보 서비스,13
대한민국 공공서비스,0
제주별빛누리공원 교육정보,0
제주시 건축물분양 정보,23
실내정원용 식물 목록 및 상세 정보,0
표준 사료 검색 서비스,0
분야별 세출현황,0
세입현황,0
세부사업별 세출현황,0
기금결산,0
기금현재액,0
지역통합자산현황,0
지역통합부채현황,0
창녕군 날씨정보,0
창녕군 교육정보,0
창녕군 행사정보,0
이천시 물가동향자료,0
기업현황자료,0
이천시 착한가격업소,0
이천시 음식업소 자료,0
이천시 숙박자료 제공,0
대구시청 유관기관 채용정보,0
한국산업기술평가관리원 지역행복생활권,0
한국산업기술평가관리원 지역발전유관기관,0
한국마이스터대학현황,0
농촌 빈집 정보,0
농수축산물 통합유통 정보제공 서비스,259
농수축산물 통합유통통계 정보제공 서비스,837
식품산업 채용정보,8
100세누리 구인정보,47
노인 재능나눔활동 모집공고 정보 서비스,34
노인 재능나눔활동 코드정보서비스,25
노인 재능나눔활동 모집공고 수행기관 정보,39
월간 농작물 병해충발생정보 서비스,0
작물 병해충 검색 서비스,0
식단별 식단구성 및 조리법 정보 서비스,0
식물목록별 참고문헌 정보서비스,0
올림픽공원 공연 대관정보,0
수원시 보호수 서비스,0
수원시 세차장 서비스,0
수원시 재해위험지구 서비스,0
수원시 무더위쉼터 서비스,0
데이터스토어 상품API,0
향교건축,0
문화재 참고문헌,0
대한제국 황릉정보,0
괘불 현황,0
금석문 정보,0
석조문화재 3D 컨텐츠 정보,0
문화유산연구 원문정보,0
발굴연표 정보,0
고고학사전 정보,0
문화유적총람 정보,0
중앙아시아 유적정보,0
한국전통문양 정보,0
고문헌 정보,0
문화재수리 현황,0
"문화재 보존,복원 정보",0
석조문화재보존관리 정보,0
교류현황 정보,0
R&D 보고서 정보,0
조선고적도보 정보,0
조선고적조사보고 정보,0
일제강점기(문헌목록) 정보,0
북한지역 고구려 벽화고분 정보,0
개성의 문화유적 정보,0
북한의문화재 정보,0
문화재지,0
보존과학연구 학술정보,0
연보,0
서울시 지하철 운행계획 정보,0
서울시 지하철 첫차 및 막차 정보,0
서울시 지하철 최단경로 정보,0
서울시 지하철 주변 버스정류장 정보,0
서울시 좌표기반 근접 지하철역 정보,0
서울시 지하철 역사 정보,0
서울시 지하철 역간 구간 정보,0
서울시 지하철 호선 정보,0
서울시 지하철 실시간 도착정보,0
서울시 지하철 호선별 역사경유 정보,0
서울시 지하철 실시간 열차 위치정보,0
서울시 지하철 환승 정보,0
서울시 지하철 출입구 정보,0
서울시 지하철 주변 환승버스 정보,0
서울시 지하철 WIFI 위치정보,0
보호수 정보 현황,32
금연구역,0
세차장,0
보호수,0
무더위쉼터,0
한국관광공사 생태관광정보 서비스,0
성동구도시관리공단 채용정보 목록조회,0
대전광역시 유기동물공고현황 조회 서비스,49
성동구도시관리공단 공영주차장정보 OPEN-API,0
서울시 골목상권 정보(상권-추정유동인구),0
서울시 골목상권 정보(상권배후지-추정매출),0
서울시 골목상권 정보(상권배후지-직장인구),0
서울시 골목상권 정보(상권-점포),0
서울시 골목상권 정보(상권-상주인구),0
서울시 골목상권 정보(상권배후지-집객시설),0
서울시 골목상권 정보(상권배후지-점포),0
서울시 골목상권 정보(상권-집객시설),0
서울시 골목상권 정보(상권배후지-유동인구),0
서울시 골목상권 정보(상권배후지-소득소비),0
서울시 골목상권 정보(상권-추정매출),0
서울시 골목상권 정보(상권-직장인구),0
서울시 골목상권 정보(상권-아파트),0
서울시 골목상권 정보(상권배후지-상주인구),0
서울시 골목상권 정보(상권배후지-아파트),0
서울시 골목상권 정보(상권-소득소비),0
서울시 일자리플러스센터 채용 정보,0
맞춤형특기병 모집 선발인원 조회,17
근로자건강센터현황,0
터널시설물 현황조회,6
교량시설물 현황조회,6
수원시 맛집현황 서비스,0
전국자전거보관소표준데이터,0
전국자전거대여소표준데이터,19
전국보안등정보표준데이터,0
전국길관광정보표준데이터,0
전국지역특화거리표준데이터,16
전국박물관미술관정보표준데이터,28
전국지정약수터표준데이터,0
전국농기계임대정보표준데이터,22
전국마을기업표준데이터,24
소비자정보망 스마트컨슈머,0
사회복무요원 제복사이즈 조회,14
서귀포시 금연구역,0
수원시 마을기업 서비스,32
수원시 지역특화거리 서비스,24
수원시 길관광정보 서비스,28
경상남도 의령군 여성복지시설 API,0
경상남도 의령군 노인복지시설 API,0
경상남도 의령군 장애인복지시설 API,0
경상남도 의령군 체육시설 API,0
경상남도 의령군 의료기관 API,0
경상남도 의령군 운송/정비사업체 API,16
경상남도 의령군 주유소/LPG충전소 API,0
국가별 석탄관련 기관(API),0
국가별 연탄용 무연탄 수입현황(API),0
석탄 용어사전(API),0
세계 메이저 석탄광산(API),0
게시판 스팸 실시간 차단 서비스(LINK),0
수원시 금연구역 서비스,0
수원시 농기계임대정보 서비스,30
특정선박통합정보,286
항만시설정보,56
위험물정보,57
관제정보,51
화물컨테이너정보,281
숙련기술인 및 작품/제품정보,66
수원시 박물관미술관정보 서비스,36
수원시 지정약수터 서비스,25
경상남도 의령군 세차장 API,30
경상남도 의령군 보호수 API,35
경상남도 의령군 무더위쉼터 API,33
경상남도 의령군 재해위험지구 API,33
GIS건물정보서비스,0
토지이동이력정보서비스,0
서귀포시 자기주도학습센터 교육강좌,0
금연구역 정보 현황,24
세차장 정보 현황,26
문화예술회관 정보,0
기타전시시설 정보,0
문화의 집 정보,0
경찰서 정보,0
경상남도 소속기관 정보,0
보건소 정보,0
교육청 정보,0
읍면동 정보,0
소방서 정보,0
시군구청 정보,0
경상남도 의령군 금연구역 API,27
수원시 자전거보관소 서비스,27
수원시 자전거대여소 서비스,31
남원시 전통 시장 정보 조회 서비스,40
농식품공무원교육원 시설 대여 신청 신청,0
김포공항 저시정 정보조회 서비스,0
해상훈련 및 사격구역 정보 서비스,27
문화축제 정보 서비스,25
공중화장실 정보 서비스,30
도시공원 정보,29
도서관 정보,38
무료급식소 정보,26
김제먹거리 정보 서비스,21
사회적기업 정보 서비스,24
전기차충전소 정보 서비스,30
관광안내소 정보 서비스,35
민박펜션업소 정보 서비스,25
무료와이파이 정보,27
무인민원발급 정보,23
cctv 정보,24
어린이집 정보,27
탈퇴사업장정보조회서비스,0
착한가격모범업소 정보 현황,21
종자생산현황제공서비스,42
기능성화장품 심사품목 정보 서비스,76
국가출하승인(DB) 서비스,19
의약품 제품 허가정보 서비스,87
독성정보 서비스,460
생약 종합 정보 서비스,407
의약품 등 업체 허가 서비스,34
기능성화장품 보고품목 정보 서비스,63
잔류화학물질정보(DB) 서비스,424
식품 오염물질 정보 서비스,0
검사 부적합 식품정보 서비스,33
건강기능식품정보 서비스,33
식품 영양성분 서비스,19
식품행정처분정보 서비스,33
식품 이력 정보 서비스,247
수입식품 허가정보 서비스,147
HACCP 지정현황 서비스,18
건강기능식품 대상별 정보(DB) 서비스,19
식품 허위·과대광고정보 서비스,28
식품 원재료 정보(DB) 서비스,17
식품첨가물 정보 서비스,23
의료기기 광고사전심의 정보(DB) 서비스,16
의료기기 회수·판매중지 서비스,89
의료기기 품목 허가 서비스,33
의료기기 재평가(DB) 서비스,27
의료기기 제조·수입업 허가정보 서비스,17
의료기기 GMP 지정현황 서비스,100
추적관리대상 의료기기 정보(DB) 서비스,17
실험동물제도 및 실험동물 시설정보 서비스,57
국내소송 의약품(특허) 서비스,18
DUR성분정보,175
의약품 임상시험 정보 서비스,15
의약품 생산·수입실적(DB) 서비스,19
의약품공급부족,33
의약품 재평가(DB) 서비스,21
의약품 부작용 정보 서비스,19
의약품 특허정보(통합) 서비스,21
의약품 낱알식별정보(DB) 서비스,35
의약품생산수입공급중단,36
FDA 오렌지북 특허정보 서비스,17
희귀의약품 정보(DB) 서비스,26
의약품 재심사(DB) 서비스,21
마약류 및 원료물질 정보(DB) 서비스,14
임상시험 실시기관 정보 서비스,14
Paragraph IV 대상 의약품(특허) 서비스,14
의약품 행정처분 서비스,19
마약류 종합정보 서비스,35
의약품 회수·판매중지 서비스,66
안정성서한,14
DUR품목정보,289
인체조직은행 정보(DB) 서비스,18
화장품 제조·제조판매업 정보 서비스,15
수원시 공연예술단체현황 서비스,22
수원시 비영리단체현황(환경분야) 서비스,0
수원시 비영리민간단체현황 서비스,0
수원시 지식산업센터현황 서비스,0
수원시 상가(상권)정보 서비스,0
중앙보훈병원 욕창진료센터 환자 진단정보,21
중앙보훈병원 욕창진료센터 환자 치료정보,62
유치원 공시정보 조회서비스,0
수원시 주택실거래가 정보 서비스,121
전원마을 분양 공고정보,8
수원시 어린이놀이시설현황 서비스,27
라디오 채널 정보 조회,0
수원시 공장등록현황 서비스,0
수원시 주민대피시설현황 서비스,28
수원시 주정차위반단속실적집계현황 서비스,0
의약품성분약효정보조회서비스,0
수가기준정보조회서비스,0
의약품사용정보조회서비스,0
부산 실시간 도로 정체구간 정보 서비스,17
부산굴착정보서비스,30
부산시 관광실태조사 통계정보 서비스,16
부산시 주민등록인구 통계정보 서비스,16
부산실시간풍향풍속정보서비스,14
부산실시간강우량정보서비스,19
부산 민박/펜션업소 정보 서비스,14
부산 공연행사 정보 서비스,14
부산 무료 급식소 정보 서비스,14
부산 어린이집 정보 서비스,15
부산 자전거 보관대 정보 서비스,14
부산 자전거 도로정보 서비스,14
부산 CCTV정보 서비스,14
축산농장 통계제공 서비스,78
가축사육 통계제공 서비스,54
나라장터 조달요청서비스,424
전국민방위대피시설표준데이터,17
(도시계획)실시계획인가정보서비스,20
(도시계획)도시군기본계획정보서비스,14
(도시계획)지구단위계획구역정보서비스,126
(도시계획)용도지역정보서비스,96
(도시계획)시설정보서비스,82
도시계획통계시설서비스,58
(도시계획)개발행위허가정보서비스,35
지자체 농수축산물 물가조사가격 정보제공,109
표준특허 통계 정보제공 서비스,50
표준특허 정보제공 서비스,255
사업자 정보제공 서비스,215
소유자정보 제공서비스,63
전국건강증진센터표준데이터,26
전국야영(캠핑)장표준데이터,24
전국초중등학교위치표준데이터,22
전국초등학교통학구역표준데이터,17
전국중학교학교군표준데이터,17
전국고등학교학교군표준데이터,16
전국고등학교비평준화지역표준데이터,28
전국교육행정구역표준데이터,15
전국학교학구도연계정보표준데이터,13
입찰공고정보,37
계약현황정보,21
토지이용규제법령정보서비스,22
규제안내서서비스,42
토지이용규제정보서비스,49
경상북도 23개 시군 강우량 현황서비스,20
경주시 버스정보 제공 API 서비스,42
수원시 보안등정보 서비스,23
울산광역시 마을기업 현황 API,32
울산광역시 지정약수터 정보 API,25
울산광역시 길관광정보 API,26
울산광역시 무더위쉼터 API,34
울산광역시 보호수 API,36
울산광역시 세차장 API,31
울산광역시 금연구역 API,28
울산광역시 평생학습강좌 API,39
울산광역시 어린이집 API,29
울산광역시 무료급식소 API,27
울산광역시 문화축제 API,44
향토문화유적 정보,30
한국관광공사 관광사진갤러리 서비스,67
어린이보호구역 정보 서비스,24
전통시장 정보 서비스,28
공연행사 정보 서비스,35
평생학습강좌 정보 서비스,37
농어촌체험마을 정보 서비스,29
공공시설개방 정보	서비스,38
무더위쉼터 정보 서비스,32
민방위대피시설 정보 서비스,25
세차장 정보 서비스,30
마을기업 정보 서비스,32
박물관미술관 정보 서비스,36
농기계임대 정보 서비스,30
재해위험지구 정보 서비스,31
울산광역시 환경소음 측정망 현황 API,17
한의원 정보,16
의원 목록 정보,17
치과의원 정보,17
기계연구원 기계기술전문정보자료,0
등록마 조회 서비스,18
승용마 조회 서비스,10
실시간 주소정보 조회(팝업API),0
실시간 주소정보 조회(검색API),0
수산물수출입검역통계(API),8
우리국토의 환경방사선정보 제공,0
숙박현황,12
민박/펜션업소,17
김천시 특화작물 행사정보,15
위생관리등급평가 결과,14
어린이 국가예방접종 지원사업 참여의료기관,26
한국과학기술원 논문 정보 서비스,42
전자파노출량 API,0
전파잡음 API,0
적합인증/등록 정보조회 서비스,0
세입/수입 예산편성현황(총액),0
전국공항 수송실적통계서비스,17
우주전파환경 경보상황,0
우주전파환경 예보확률,0
우주전파환경 예보,0
경상남도 의령군 행정기관정보 API,20
부산 오늘의 수질 정보 조회,12
부산 우리동네 수질 정보 조회,11
부산 하천수질 정보 조회,25
부산광역시 남구 약국 현황 조회 서비스,2
부산광역시 남구 의료 기관 현황 조회 서비스,2
운수회사 정보 조회 서비스,11
차량등록정보 조회 서비스,24
정류소별 도착정보 조회 서비스,44
버스 위치정보 조회 서비스,18
노선정보조회 서비스,106
정류소정보조회 서비스,32
등대표 정보,13
관광자원서비스,44
파산금융기관 매물정보 조회 서비스,333
공연행사정보,0
남도갤러리 정보 서비스,27
남도축제 영상 정보 서비스,27
남도TV 전남의아름다운영상 서비스,27
남도문화유산 영상정보 서비스,27
관광전남 영상 서비스,27
남도로의초대 영상 정보 서비스,27
무인민원발급기운영현황 서비스,23
노인생활시설 정보 서비스,0
지상관측자료 월값(월보) 정보조회서비스,8
AWS관측자료 월값(월보),0
고층관측자료(레윈존데) 월값(월보),0
LH 분양주택 청약공고,0
LH 임대주택 입주자 모집공고,0
LH 주거복지 공고문,0
LH 상가 청약공고,0
LH 채용공고문,0
엄궁농산물도매시장 실시간경락정보,29
엄궁농산물도매시장 반입물량정보,27
반여농산물도매시장 반입물량정보,26
반여농산물도매시장 거래가격정보,44
엄궁농산물도매시장 거래가격정보,62
반여농산물도매시장 실시간경락정보,32
LH 토지청약공고,0
공공임대주택 단지정보 조회 서비스,24
KTV 영상정보 조회서비스,0
E영상역사관 정보조회서비스,0
광주광역시 시립미술관 전시회,22
광주광역시 시대표홈페이지 통합예약신청,24
광주광역시 시립도서관 이달의행사,15
전주음식 정보 서비스,178
문화공간 정보 서비스,66
문화체험 정보 서비스,70
주차장정보 검색 서비스,82
공원정보 검색 서비스,52
화장실 정보 서비스,34
체육시설 서비스,99
나라장터 발주계획현황서비스,296
나라장터 가격정보현황서비스,310
공공조달통계정보서비스,342
나라장터 계약과정통합공개서비스,140
나라장터 업종 및 근거법규서비스,25
이뮤지엄 소장품 조회 API 서비스,43
의안 정보 제공 서비스,0
예금자 보호대상 금융상품 조회서비스,25
모범음식점정보,31
농촌 체험 정보,34
휴양마을 정보,34
국제수산물도매시장 경락정보,44
국제수산물도매시장 입하정보,58
국제수산물도매시장 가격정보,60
월드잡플러스 해외진출모집공고 API,0
작업환경측정기관현황API,0
특수건강검진기관 지정현황 API,0
건설업기초교육기관,0
수질 정보,325
자연재해상황 정보 조회 서비스,446
복구비지원내역 정보 제공 서비스,51
무더위 쉼터 현황 정보 서비스,30
요양기관개폐업정보조회서비스,0
병원진료정보조회서비스,0
악취 및 VOCs 정보,13
공동주택 단지 목록제공 서비스,4
공동주택관리비(공용관리비)정보제공서비스,17
공동주택 기본 정보제공 서비스,7
공동주택관리비(장기수선충당금)정보서비스,11
공동주택관리비(개별사용료)정보제공서비스,0
대기질 일평균농도,0
KOICA 조달정보 조회 서비스,75
API_국내 탄광 현황,18
API_국내 탄광별 무연탄 생산 현황,29
API_국내 무연탄 수급현황,28
API_국내 연탄 소비현황,27
통신판매사업자 정보제공 서비스,115
수문정보,0
한국조폐공사 화폐박물관 유물(화폐)정보,0
지자체부채비율,0
예산대비채무비율,0
민자사업재정부담액,0
회계별 지방채 잔액,0
보증채무비율,0
재정자주도[당초],0
재정자주도[최종],0
재정자립도[최종],0
재정자립도[당초],0
통합재정수지비율[최종],0
통합재정수지비율[당초],0
사회복지비중,0
주민1인당세외수입액,0
행정운영경비비중,0
예비비확보율,0
자체수입대인건비비교,0
주민1인당자체수입액,0
의회비비중,0
자체사업비중,0
보조사업비중,0
주민1인당세출예산액,0
주민1인당지방세부담액,0
정책사업비중,0
사회복지비비율,0
행사축제경비비율,0
지방보조금비율,0
연말지출비율,0
공무원인건비비율,0
업무추진비비율,0
맞춤형복지비비율,0
지방의회경비비율,0
기관운영기본경비비율,0
회계별 단체별 세출결산,0
재원별 회계별 세입결산,8
성질별 단체별 세출결산,0
기능별 단체별 세출결산,0
세출결산,0
투자적경비 순계분석,0
성질별 단체별 세입결산,0
교육비특별회계 세입세출결산,8
구조별 기능별 세출결산,0
세입결산,0
채권현재액,0
출자출연금비율,0
지방세 및 세외수입 체납 누계액,0
지방공기업부채비율,0
지방공기업별부채비율,0
중기지방재정계획,8
상근인력 관련경비,8
기능별 재원별 세출예산,0
세출예산,8
기능별 단체별 세출예산,0
구조별 기능별 세출예산,0
교육관련지원 예산현황,8
재원별 단체별 세입예산,8
기능별 회계별 세출예산,0
공무원관련경비,0
지방의회 관련경비,8
물품현재액,0
공유재산현재액,0
행사축제원가 회계정보,8
수의계약비율,0
지방세 비과세 감면율,0
청사신축원가 회계정보,8
복식부기재무현황(부채),0
복식부기재무현황(비용),0
복식부기재무현황(자산),0
복식부기재무현황(수익),0
논문조회서비스,0
특허조회서비스,0
영화 등급분류 조회 서비스,25
생필품가격정보 조회 서비스,47
비디오 등급분류 조회 서비스,24
공연 등급분류 조회 서비스,10
방문판매사업자 정보제공 서비스,105
전화권유판매사업자 정보제공 서비스,106
다단계판매사업자 정보제공 서비스,46
공산품 및 전기용품 안전인증제품 정보,0
TBT 통보문 HS Code 검색,0
TBT 통보문 첨부파일,0
TBT 통보문 검색,0
TBT 통보문 대륙마스터,0
TBT 통보문 대분류 아이템,0
TBT 통보문 나라,0
TBT 통보문 ICS Code 검색,0
TBT 통보문 중분류 아이템,0
현재전력수급현황조회,11
오늘전력수급현황조회,11
전력수급예보조회,9
계통한계가격조회,8
울산광역시 전통시장 API,44
제주 민요 정보,0
제주 방언색인어사전 정보,0
제주 역사인물 정보,0
제주 역사자료 정보,0
제주 삼다문화콘텐츠 정보,0
영도구 공장등록 현황,0
산재병원 의료 현황정보,0
산재재활기관관리정보,13
경기도 수원시 어린이집 정보,22
수원시 청소년복지현황 서비스,0
서귀포시 직영관광지 관람객현황,0
"산정보 서비스(국내 소재 3,368개 설명)",16
산 정보 조회,0
숲에 사는 식물 정보 서비스,16
수원시 공중위생업소집계현황 서비스,0
수원시 모범음식점현황 서비스,0
경기도 수원시 문화관광,78
수원시 문화축제정보,25
경기도 수원시 행사축제,88
수원시 건축물유지점검 정보 서비스,0
수원시 폐쇄말소대장 서비스,0
수원시 건축물대장 서비스,0
수원시 건축인허가 정보 서비스,0
경기도 수원시 공중화장실 정보,26
수원시 공공체육시설현황 서비스,0
양식계 정보제공서비스,37
생활계 물사용량 정보제공서비스,43
산업계 정보제공서비스,75
하천별 통계 서비스,281
기타수질오염원 정보제공서비스,29
축산계 정보제공서비스,35
시도 통계 서비스,434
권역별 통계 서비스,344
생활계 인구현황 정보제공서비스,38
매립계 정보제공서비스,39
환경기초시설 정보제공서비스,191
시군구 통계 서비스,466
유역별 통계 서비스,280
토지계 정보제공서비스,51
서울시 공공서비스예약 조회,0
서울시 대중교통 분실물 보관 목록 현황,0
서울시 대중교통 보관 분실물 검색,0
서울시 대중교통 보관 분실물 사진 정보,0
서울시 도로명 주소 조회 서비스,0
서울시 문화위치정보 명칭 검색,0
서울시 문화위치정보 장르별 검색,0
서울시 문화위치정보 주소 검색,0
서울도서관 소장자료 현황,0
서울시 공원명별 공원 프로그램 조회,0
서울의공원 프로그램명별 공원프로그램 조회,0
서울시 공원ID별 공원 프로그램 조회,0
서울시 공원ID별 공원 정보 조회,0
서울시 주소별 공원정보 조회,0
서울시 프로그램 ID별 공원 프로그램 조회,0
서울의공원 공원명별 공원정보 조회,0
서울의공원 주소별 공원 프로그램 조회,0
음식물쓰레기 배출정보 서비스,0
산불위험예보 서비스,11
어린이집 검색 서비스,55
병원.약국 정보 서비스,67
주택저당채권담보부채권 금리정보,15
주택저당증권 금리정보,15
학자금대출유동화증권 금리정보,15
부산광역시 남구 주유소 현황 조회 서비스,2
부산광역시 남구 동물병원 현황 조회 서비스,2
사업장 정보조회 서비스,37
품목별 수출입실적 서비스,0
공항 주기장정보조회 서비스,20
광주 도시철도 문화행사 정보,0
경상북도 노인전문 간호센터 행사일정 정보,4
경상북도 무인민원기 정보조회,1
경상북도 통계100대 지표 현황 서비스,34
영덕군 개별주택가격 조회,8
영덕군 개별공시지가 조회,8
충청남도 장바구니,0
한국남동발전 석탄회현황 다운로드서비스,4
장애연금심사정보조회서비스,0
발전설비 정비관리 현황,7
협력기업정보,7
석탄폐기물 처리정보,7
GIS건물통합정보조회서비스,0
부동산개발업정보서비스,0
부동산중개업정보서비스,0
병원평가결과정보조회서비스,0
관광지조회서비스,33
KCI 논문 정보 제공,0
대구경북과학기술원 연구과제정보,0
DGIST 학술발표 정보,0
DGIST 저서정보,0
DGIST 논문정보,0
대구경북과학기술원 공개강좌,0
공항 상업시설 임대계약 정보,2
경상북도 대표음식점,2
경주시 즐길거리 정보 조회,2
"경상북도 해수욕장, 섬, 등대 조회",0
경주시 살거리 정보 조회,2
경상북도 음식이야기,0
경상북도내 관광기념품 정보조회,0
경상북도 체험관광 정보조회,0
문경시 문경팔경 정보조회,0
경상북도내 관광(단)지 정보조회,0
문경시 문경체험 정보조회,0
경상북도 도시공원 정보조회,0
경상북도 산촌관광 정보조회,0
경주시 잠자리 정보 조회,0
경상북도내 숙박시설 정보조회,0
경상북도 시군의 월별 주요 축제 정보조회,0
문경시 문경명소 정보조회,0
경상북도내 휴양시설 정보조회,0
경상북도 민박팬션업소 정보조회,4
울릉군 독도 역사민속자료 조회,0
경상북도 추천테마 관광,0
문경시 문경명산 정보조회,0
울릉군 독도박물관 층별 전시물 조회,0
경상북도내 레포츠 정보조회,0
경주시 먹을거리 조회,4
경상북도내 지역특산물 정보조회,0
경상북도내 체험관광 정보조회,0
울릉군 울릉도 및 독도 연표 조회,0
문경시 도요지 정보,0
"경상북도 명산, 국립공원 조회",0
"경상북도내 하천,저수지,늪지,수변경관 정보",0
경상북도내 전통 민속 사찰 정보조회,0
경상북도 문화축제 정보조회,0
소음측정값,17
실시간 공항주차정보서비스,63
환경성과지수조회서비스,30
공동주택가격정보서비스,0
표준지공시지가정보서비스,0
개별공시지가정보서비스,0
개별주택가격정보서비스,0
토지 매매 신고 조회 서비스,0
아파트매매 실거래 상세 자료,34
연립다세대 전월세 자료,0
아파트 전월세 자료,0
단독/다가구 매매 실거래 자료,0
연립다세대 매매 실거래자료,0
단독/다가구 전월세 자료,0
오피스텔 매매 신고 조회 서비스,0
아파트매매 실거래자료,0
오피스텔 전월세 신고 조회 서비스,0
한국과학기술원 공동연구장비 정보 서비스,27
한국과학기술원 학적 정보 서비스,98
한국과학기술원 학술활동 정보 서비스,20
한국과학기술원 국내특허 정보 서비스,32
한국과학기술원 국가RnD수탁과제 정보 서비스,48
한국과학기술원 사료 정보 서비스,18
한국과학기술원 학사 정보 서비스,20
키스콘 건설업체정보 서비스,85
한국과학기술원 입찰공고 정보 서비스,23
통계성지표정보서비스,0
한국과학창의재단 창의체험프로그램 정보,0
서울시 문화행사 기간 검색,0
서울시 문화행사정보 장르별 검색,0
서울시 문화행사정보 명칭 검색,0
서울시 문화행사정보 장소명 검색,0
서울시 도로분진 청소 현황,0
연구과제,0
서울시 돌발 유형 코드 정보,0
서울시 소통 돌발 링크 정보,0
서울시 교통량 지점 정보,0
서울시 교통량 이력 정보,0
서울시 돌발 세부유형 코드 정보,0
서울시 소통 돌발 교통 권역 정보,0
서울시 소통 돌발 도로 정보,0
서울시 소통 돌발 링크 Vertex 정보,0
서울시 소통 돌발 도로별 링크 정보,0
서울시 실시간 도로 소통 정보,0
서울시 실시간 돌발 정보,0
서울시 소통 돌발 도로 분류 정보,0
대구오페라하우스 공연일정,0
대구시민회관_공연정보,0
대구광역시_전시장,0
대구광역시 공연장,0
대구 관광지 정보,18
대구시 돌발 교통정보 조회 서비스,16
대구교통소통정보,11
의료기기 GMP 지정현황 정보서비스,0
식품이력 이력추적번호 정보서비스,0
임상시험 실시기관 정보서비스,0
식품이력 품목유형 정보서비스,0
식품이력 등록현황 정보서비스,0
식품이력 행정정보서비스,0
수입식품 정보서비스,0
의료기기 회수 폐기 정보서비스,0
농업경영체 등록정보 제공,0
전염병발생정보,0
동물질병도감,0
유전자원정보,0
식물검역통계,0
농업용저수지 수위자료,26
농산어촌지역개발공간정보,0
생명자원정보 서비스,148
유기인증수산물(API),0
품질인증수산물(API),0
수입소금검사통계,0
국내소금검사통계,0
부산 대기질 정보 조회,30
부산 대기오염예경보제 등급 조회,11
대기 중금속 정보,12
실내공기질 정보,16
연안정보도 도엽제공 서비스,0
포락지 정보제공 서비스,0
공유수면 점용/사용 정보제공 서비스,53
바닷가 정보제공 서비스,58
대구 우수 숙박시설,0
대구 일반호텔(비즈니스 호텔) 현황,0
대구 테마별 숙박시설,0
항공기상전문,0
대구시 채용시험정보,0
친절음식점 정보,0
대구음식골목,0
대구 맛집,0
대구 사찰음식점,0
부산 도시철도 계약현황 정보,4
개방화장실 정보 조회 서비스,16
회의록 정보제공 서비스,14
부산 도시철도 유실물 현황 정보,7
울산광역시 12경 정보,43
울산광역시 주차장정보 API,47
울산광역시 교통HUB정보 조회 서비스,140
울산광역시 BIS 정보,88
울산광역시 ITS 정보,86
백두대간 서비스,11
백두대간보호구역도 서비스,4
산림교육프로그램 서비스,20
착한가격업소 정보 서비스,49
대전광역시 폐기물 처리통계,42
재해위험지구 현황 정보 서비스,58
영화사정보 Open-API,0
영화인정보 Open-API,0
급경사지 현황 정보 서비스,12
재난상황전파 메시지정보 서비스,0
119안전신고센터 신고접수정보서비스,0
소방항공기 보유현황 정보 조회 서비스,11
소방건축허가동의 정보,0
특정소방대상물 현황 통계 서비스,0
다중이용업소 관리현황 통계 서비스,0
방염성능검사관리 서비스,0
소방시설관리업체 서비스,0
해외지원사업 레지던스 정보,18
해외지원사업 지원금 정보,17
사이버문학광장 원문수록 문학작품 목록,14
사이버문학광장 월간 문장웹진 호당 목차 목,14
사이버문학광장 문학집배원 수록작품 목록,13
건축물미술작품 DB,23
국민안전처 소방시설업 현황 서비스,0
구조활동통계 서비스,0
구급활동통계 서비스,0
국가 위험물 정보 조회 서비스,82
고문헌자료 문헌정보서비스,0
고지도 고지명서비스,8
ODA 사업정보,47
올림픽공원 생태공원 갤러리,0
올림픽공원 장미광장,0
포토 갤러리,0
영동군 문화재정보,0
학자금 대출 통계 OPEN API,0
작목별 영농기술 및 농사기술 정보,0
주간 농업정보 및 품목별 농사정보,0
농산물품종정보,0
작목별농업기술동영상정보,0
품목별농산물소득정보,0
농업용어 검색 및 설명정보,0
(2015) 국방분야 국가자격검정 응시자격기준,0
과수재배변동정보 조회 서비스,104
국악공연정보 조회서비스,40
강좌정보,45
공공시설 현황,54
(2015년 이전) 사이버지식정보방 요금,0
산불발생위치도 서비스,35
임업기술 핸드북,0
산림과학도서관 자료 정보,0
산림연구 과제 및 성과 정보,0
방류수 수질분석결과 OPEN API,84
ODA 연구 정보,11
순천시도로정보,33
징병검사 신체정보 조회,16
거제시 시민자치대학 정보,61
거제시 정보화교육 정보,69
노인복지시설 정보,0
기타복지시설 정보,0
장애인복지시설 정보,0
여성복지시설 정보,0
거제시 교통정보 현황 조회 서비스,130
거제시 도서DB,38
병역일터채용정보 조회서비스,31
아동복지시설 정보,0
경상남도 의령군 여관모텔 현황 API,26
경상남도 의령군 음식점 API,0
경상남도 의령군 의병박물관유물 API,0
경상남도 의령군 문화재 API,0
여비산정표목록조회서비스,8
통지서 배달결과 조회,13
오산시 자전거 도로현황조회 OPENAPI,22
경상남도 의령군 관광명소 현황 API,23
군사특기마스타목록조회서비스,8
구비서류목록조회서비스,8
모병합격배점기준목록조회서비스,8
개별특기배점내역목록조회서비스,8
충북 민원사무편람,0
오산시 숙박정보 조회 OPEN API,0
모집병 지원가능분야 조회,11
사회복무요원 소집계획 조회,13
본인선택공석목록조회서비스,12
인터넷입영원계획목록,15
사회복무요원 복무기관 정보,17
전문/산업지정업체정보목록조회서비스,8
일별 열차운행실적,0
유실물현황,13
문화행사정보,12
충청북도 착한가격업소,0
충청북도 도민교육 정보,0
충청북도 공무원교육 정보,0
감귤박물관 소장전시물,0
감귤박물관 정보,5
경기도 수원시 문화재단 관광안내,13
서귀포시 체육시설 대관현황,20
서귀포시 공공체육시설,0
입찰정보 조회 서비스,49
행복마을 체험프로그램 정보 서비스,0
체험 명소 서비스,0
농림수산식품 생산시스템 R&D 과제정보,0
농림수산식품 자원?환경?생태 R&D 정보,0
농림수산식품 생산·가공 R&D 과제정보,0
농림수산식품 식품·유통 R&D 과제정보,0
농림수산식품 바이오 R&D 과제정보,0
농림수산식품 IBT 융합 R&D 과제정보,0
농림수산식품 문화 R&D 과제정보,0
안동시 수질검사결과 조회,2
장례시설 정보,0
[인천공항] 취항항공사 현황 조회,6
[인천공항] 취항 도시 현황 조회,4
전기차충전소정보 조회 서비스,21
보성맛집 정보 서비스,78
한옥마을숙박정보 검색 서비스,62
무형문화재 검색 서비스,52
지정문화재 검색 서비스,64
CCTV위치검색 서비스,51
평생학습 강좌 정보 서비스,75
동물판매업소 정보 현황,18
유기동물보호소 정보 현황,18
동물병원 정보 현황,18
동물등록제 대행업소 정보 현황,17
동물약국 정보 현황,18
석면해체일정 서비스,48
농기계 수리업소 현황,19
영도구 가스 판매업소 현황,2
영도구 관광정보,0
영도구 숙박점 현황,0
영도구 음식점 현황,5
영도구 교육기관 현황,2
영도구 의료기관 현황,6
영도구 약국 현황,10
전력용어서비스,39
정비사업 추진현황,56
계약종별별 전력사용현황 서비스,50
용도업종별 전력사용현황 서비스,50
영도구 체육시설 현황,3
버스노선정보,3
영도구 택시 현황,0
영도구 공영주차장 현황,5
강원도 관광지 정보서비스,4
한국과학기술원 소장자료 정보 서비스,16
강원도 축제/행사정보 제공서비스,0
안동시 제조업체현황 조회,2
안동시 에너지공급업체현황 조회,5
울산광역시 상수도수질검사 월별현황,149
울산광역시 일일상수도 수질검사 API,22
영도구 환경관련 인허가 업소 현황,0
영도구 장기요양기관 현황,0
영도구 경로당 현황,0
평생학습포털 에버러닝 강좌정보,52
영도구 보육기관 현황,1
공공시설물 안전등급 및 점검계획일 조회,41
광종별 요약정보,0
세부시설물(건축물) 현황조회,14
국가별 광업법령,0
부두별 선박접안 통계,10
월별 선박입출항 통계,14
선박톤급별 입항선박 통계,6
특정국가선박종류별 입출항 통계,8
외항 및 지역별 선박입출항 통계,7
컨테이너 수송 실적통계,8
월별 화물 수송 통계,9
국가별 화물 수송  통계,7
월별 컨테이너 수송 실적통계,22
국가별 컨테이너 물동량 통계,8
부두별 컨테이너 통계,13
품목별 화물 수송 통계,8
부두별 화물 수송 통계,10
수출입화물 지역별 화물 수송 통계,8
광물가격 예측 서비스,0
주차장정보,0
나라장터 사용자정보서비스,109
나라장터 종합쇼핑몰 품목정보 서비스,290
열판매량 조회 서비스,19
전기판매량 조회 서비스,16
공동주택 사업승인 및 착공현황,0
공동주택현황,13
공연행사정보,33
공연정보,19
김천시 체육대회 현황 정보 제공,9
광종별 처리절차,32
광종별 국내부존 및 제련현황,32
부산시설공단 영락공원 장사정보 서비스,0
시민회관공연상세정보,10
시민회관공연정보조회서비스,8
부산 한마음스포츠센터 프로그램 조회,13
부산시설공단 공영주차장 실시간 주차현황,17
부산시설공단 공원시설 정보 서비스,0
산림청 산불통계 서비스,0
성남시 판교 조명시설 현황,19
경제림육성단지구역도 서비스,15
성남시 평생교육기관 현황,14
장기요양기관 시설별 상세조회 서비스,11
의사소견서교육이수의료기관검색서비스,1
장기요양기관 검색 서비스,2
35명산 등산로 API,0
광주 도시철도 운행정보,0
명산등산로 서비스,27
전통마을숲위치도 서비스,14
휴양림고시구역도 서비스,9
산림사업법인 정보 서비스,10
보훈관서 채용정보,0
[일모아] 참여자 모집 상세정보,0
[일모아]참여기관지원금 정보,0
발전실적 조회 서비스,13
대기오염물질 배출농도 조회서비스,10
발전소 주변 기상정보 조회 서비스,10
발전소 주변 대기질정보 조회 서비스,9
연료도입실적 조회 서비스,8
연료소비실적 조회 서비스,30
처방정보 서비스,14
유사처방정보 서비스,0
사회적기업정보,12
u 보금자리론 만기별 금리현황,8
한국주택금융공사 지사정보,0
주택보증 보증한도조회 서비스,11
공원정보조회,0
지역별 성범죄자 통계,0
아동복지시설현황,21
복지시설현황 조회,0
오산시 주유소정보 조회,20
독립유공자 공적조서 정보,0
독립운동관련 자료집 목차,0
광명시 민방위 대피시설,0
공중화장실 현황,0
대구 약령시 한방업소 조회서비스,0
중앙부처 복지서비스,0
기술성과정보 조회 서비스,11
도서정보 조회 서비스,11
호수 명소 서비스,56
해변 명소 서비스,56
강 명소 정보 서비스,56
해안 명소 서비스,56
섬 명소 정보 서비스,56
수질정보 조회 서비스,0
지방정수장 수질정보 조회 서비스,146
수도요금단가 조회 서비스,21
골재자원정보 조회 서비스,33
울산광역시 노인복지관 현황 API,16
울산광역시 다자녀사랑카드 참여업체 API,18
사업화유망기술조회서비스,0
건물에너지정보 서비스,42
잔류농약 정보서비스,0
기능성화장품 심사품목 정보서비스,0
기존한약서 정보서비스,0
기능성화장품 보고품목 정보서비스,0
잔류동물용의약품 정보서비스,0
생약기원 정보서비스,0
생약표준품 정보서비스,0
식품오염물질정보(수시),0
성남시 청소년 시설 현황,0
성남시 식품제조 식품소분판매업 현황업,0
[인천공항] 상업시설 정보 서비스,24
[인천공항] 주차정보,12
영도구 복지프로그램 현황,0
성남시 영화상영관 현황,9
성남시 공연장 현황,12
성남시 CNG LPG 충전소 현황,12
성남시 대규모 점포시장 현황,16
성남시 사회적기업 현황,16
성남시 자전거 공기주입기 설치현황,11
세출/지출 예산편성현황,0
기금별 수입/지출 결산현황,0
회계별 세입결산 현황,0
회계/기금별 국가채권현황,0
국가채권현황,0
채권현재액명세서,0
국가채무,0
국유재산 증감 및 현재액 현황,0
회계별 세입/세출결산 현황,0
부담금 운용현황,0
세출예산 편성현황(추경포함),0
성남시 음식물쓰레기 다량배출 사업장 현황,8
성남시 폐기물수집운반업체 현황,12
성남시 종량제봉투 판매소 현황,11
성남시 빗물이용시설 현황,18
체육인복지 메달리스트 조회 서비스,23
소마미술관 조각작품현황 API 서비스,0
대전도시철도역명,9
국립고궁박물관 소장품 정보,0
한국원자력환경공단 방폐물반입현황,52
작은도서관 검색 서비스,25
한옥마을쇼핑센터 검색 서비스,62
약가기준정보조회서비스,0
치료재료정보조회서비스,0
승마장 조회 서비스,3
현충시설정보,0
재래시장(5일장) 명소 서비스,56
통계정보,0
관내 교육기관 현황,18
금융기관 정보,18
국가지정문화재 천연기념물,24
"국가지정문화재_국보,보물",48
시지정문화재,72
문화재 자료,24
국가지정문화재 중요민속문화,24
토지분양 정보 조회 서비스,11
Waterpedia 지식정보 조회 서비스,10
Waterpedia 지식재산권 조회 서비스,10
수문현황정보 조회 서비스,36
수문제원현황 조회 서비스,23
다목적댐 관리현황 조회 서비스,26
용수댐 관리현황 조회 서비스,25
다기능보 관리현황 조회 서비스,21
우량 관측정보 조회 서비스,56
지하수이용정보 조회 서비스,86
지하수허가/신고현황 조회 서비스,12
지하수용도별 사용현황 조회 서비스,81
지하수이용특성별현황 조회 서비스,123
지하수위현황 조회 서비스,12
지하수 국내업체정보 조회 서비스,0
보조지하수관측정보 조회 서비스,7
올림픽공원 스포츠센터 정보,0
올림픽공원 스케이트장 정보,0
올팍축구장 정보,0
일산올림픽스포츠센터 정보,0
분당올림픽스포츠센터 정보,0
올림픽수영장 정보,0
사회서비스 제공기관 품질평가 정보 검색,0
부산광역시 남구 노인대학 현황 조회 서비스,3
부산광역시 남구 경로당 현황 조회 서비스,2
부산광역시남구노인복지시설현황조회서비스,2
부산광역시남구지역아동센터현황조회서비스,2
부산광역시남구발달재활서비스제공기관조회,2
부산광역시남구 사회복지관현황조회 서비스,2
사회서비스 제공기관 정보 검색,0
사회서비스 공통코드 조회,0
산업제품활용디자인,0
디자인문양,0
산업재산권 정보 조회서비스,9
강북문화정보도서관 소장도서 정보현황,0
도서관 일반열람실현황 조회 서비스,13
인사미술공간 전시 목록,17
공연예술센터 공연 목록,20
아르코미술관 전시 목록,14
보훈병원 위탁병원 정보(위도 경도 포함),18
보훈병원 위탁병원 정보,15
울산광역시 장애인 생활시설 현황 API,25
남원시 공연행사 정보 조회 서비스,44
남원시 축제 정보 조회 서비스,39
남원시 전시 공연장 정보 조회 서비스,40
경주마조회서비스,17
기수정보 조회 서비스,13
조교사정보 조회 서비스,11
출전표 조회 서비스,27
주행심사결과 조회 서비스,20
경주성적표 조회 서비스,21
일일훈련 조회 서비스,13
충청북도 공약이행 현황,0
부산 부동산 중개업 정보 서비스,16
부산광역시 전통시장정보,30
발전설비 이용률 조회서비스,6
성남시 무더위 쉼터 현황,11
부산 공영주차장 정보 조회,2
광주광역시 시립미술관 작품목록,19
발전실적 조회서비스,10
연료소비실적 조회서비스,8
발전설비 열효율 조회서비스,5
발전소 주변 대기오염물질 농도 조회서비스,7
광주광역시 유리알관리시스템 보조사업목록,14
발전소 배출 수질 조회서비스,18
울산광역시 미분양주택현황 API,28
울산광역시 무인민원 발급정보,37
울산광역시 중소기업 현황 API,16
울산광역시 사회적기업,39
울산광역시 공공도서관,63
광주광역시 보건환경연구원 환경오염측정망,35
울산광역시 청소년 상담센터 API,22
광주광역시 상수도사업부 월간수질검사결과,78
광주광역시 시립도서관 도서목록,23
광주광역시 보건환경연구원 환경오염측정망,41
휴양림/숲 명소 서비스,56
약수터 정보 서비스,44
산 명소 서비스,56
사찰 명소 서비스,56
국립/도립 공원 정보 서비스,56
생태자원 명소 서비스,56
천연기념물 명소 서비스,56
공원/길 정보 서비스,56
문화재 명소 서비스,56
국보/보물 정보 서비스,56
민속문화자원 명소 서비스,56
고택 명소 정보 서비스,57
기타 유산 정보 서비스,56
음식명가 정보 서비스,92
맛집 정보 서비스,93
친환경음식점 정보,92
행복마을 한옥민박체험 정보 서비스,50
숙박 정보 서비스,90
관광전시장 정보 서비스,56
행복마을 특산품 정보 서비스,45
남도여행 이벤트 정보 서비스,0
대표축제 조회 서비스,53
골프장 정보 서비스,56
레포츠 명소 서비스,56
박물관 정보 서비스,56
전시관 정보 서비스,56
테마파크 서비스,56
기념관 정보 서비스,56
공연장 정보 서비스,56
미디어 조회 서비스,23
가이드북 조회 서비스,22
무인도서 검색 및 서비스,0
부산 먹는물 공동시설 수질 정보 조회,2
스포츠과학,13
체육과학연구,12
체육과학논총,12
스포츠개발원 - 연구과제종합보고서 정보,20
스포츠바우처 이용시설 강좌정보,23
스포츠바우처 시설정보서비스,29
자전거 대여,6
낙뢰관측 정보조회 서비스,16
부산의료관광 의료기관 정보 서비스,56
분묘개장현황,18
성남시 업체 및 공장등록 현황,0
고령인력 구인정보,35
고령인력 교육정보,27
울산시 CCTV 설치 현황,0
아르코미술관 소장자료(미디어) 목록,20
월간자원시장전망,34
자원정보 포커스,26
주간자원시장정보,32
울산광역시 전시관/박물관 현황,34
울산광역시 문화시설현황 API,17
암각화박물관 교육,43
울산문화예술회관 시립예술단 정보,0
대곡박물관 전시 정보,29
암각화박물관 전시,30
울산박물관 교육프로그램,37
울산문화예술회관 공연정보,0
울산문화예술회관 전시정보,0
대곡박물관 교육프로그램,37
울산박물관 전시정보,35
울산광역시 보건소 위치현황 API,17
울산광역시 응급의료기관 시설현황 API,17
평일야간 휴일진료 의료기관 목록 API,21
울산광역시 의료기관 현황 API,21
부산광역시 문화축제정보,30
보령 물가 안내,21
예술자료원 전자도서관 소장자료,16
국가별 수출입실적 서비스,0
성질별 수출입실적 서비스,0
신성질별 수출입실적 서비스,0
품목별 국가별 수출입실적 서비스,0
성질별 국가별 수출입실적 서비스,0
신성질별 국가별 수출입실적 서비스,0
대륙별 수출입실적 서비스,0
경제권별 수출입실적 서비스,0
세관별 수출입실적 서비스,0
종류별 수출입실적 서비스,0
항구/공항별 수출입실적 서비스,0
경상남도 월간 인구통계,0
입찰공고 조회 서비스,19
실시간 수도정보 유량(시간) 조회 서비스(GW),0
실시간 수도정보 수질(시간) 조회 서비스(GW),28
실시간 수도정보 수위(시간) 조회 서비스(GW),21
실시간 수도정보 압력(시간) 조회 서비스(GW),21
다목적댐 수질정보 조회 서비스,60
미술관 정보,0
숙박 정보 서비스,71
거제시 어린이집,0
종합사회복지관 정보,0
부산광역시남구 정보화교육일정조회서비스,2
거제시 문화재 정보,60
거제시 착한가격업소,39
거제8미 전문 음식점 정보 서비스,78
거제시 추천관광 정보,53
거제시 농어촌체험마을 현황,49
체육시설 정보,0
김제숙박 정보 서비스,19
향토문화유산 검색 서비스,62
부산광역시남구동네생활체육시설현황조회,2
부산광역시남구체육시설업현황조회서비스,2
복지정보서비스,26
울산광역시 자전거도로 현황 API,21
유스호스텔 정보,0
청소년수련원 정보,0
청소년수련관 정보,0
야영장 정보,0
울산광역시 공공체육시설 현황 API,26
울산시 기업정보,17
도서정보,55
울산광역시 전자도서정보,36
부산광역시 남구 숙박업소 현황 조회 서비스,2
부산광역시남구착한가격업소현황조회서비스,2
울산광역시 민방위 대피시설 현황 API,15
부산광역시 남구 민방위 대피시설 현황 조회,3
울산광역시 노인일자리 사업현황 API,18
울산광역시 일자리지원기관 현황 API,18
제주시종합자료센터 보유자료정보,16
오산시 착한가격업소정보,18
부동산 중개업소 현황조회,10
주정차 단속무인카메라 설치현황,0
탐라순력도 정보 조회,15
광주광역시 버스카드충전소,16
대기오염물질 배출량 조회서비스,12
전남 공공(생활)체육시설 현황 서비스,19
서귀포시 연령별 인구현황,0
서귀포시 모범음식점,0
부산광역시남구 옥외광고업현황조회 서비스,2
제주특별자치도 대기환경정보,0
제주시 착한가격업소 정보,17
광주광역시 문화관광 볼거리,37
광주광역시 문화관광 즐길거리 문화행사일정,22
광주광역시 문화관광 살거리,36
광주광역시 문화관광 즐길거리,0
제주휴먼북 정보,0
제주시보건소 건강생활정보 조회,14
해양관광.레저 정보 서비스,22
판매업체API,0
공사업체API,0
제작업체API,0
도서관 정보,0
도시공원정보,49
문화원 정보,0
연료도입실적 조회서비스,8
광주광역시 문화관광 잠잘거리 숙박시설,22
자동차 정기검사일 정보,14
제주절물자연휴양림숙박예약현황,0
제주공공자전거 정보,0
제주시 공영주차장 정보,16
광주광역시 시대표홈페이지 시민정보화교육,26
광주광역시 시립도서관 문화강좌,37
박물관 정보,0
제주시 인구현황정보,0
제주복지서비스정보,0
제주 복지시설 정보,0
경상북도내 주요 공연소개 조회,2
"경상북도내 박물관, 미술관, 기념관 정보조회",4
경상북도내 도지정문화재 정보조회,4
경상북도 도립예술단의 공연행사 조회,2
경상북도 공연행사 정보,1
경상북도내 국가지정문화재 정보조회,4
제주시 재활용업체정보,0
제주디지털콘텐츠-이미지정보,0
제주디지털콘텐츠-동영상정보,0
제주디지털콘텐츠-애니메이션정보,0
제주디지털콘텐츠-사진정보,0
행정심판 조회 서비스,4
공장등록 현황,15
김천시 무인민원 발급기 운영 정보,0
가스사업자 현황,16
차량 등록현황,0
김천시 주유소 업소 현황,12
착한가격업소 운영 현황,0
김천시 지역아동센터 현황 정보 제공,0
김천시 노인복지시설 정보 제공,0
김천시 주차장 운영 정보,41
담배소매인지정 현황,0
통신 방문판매업 등 현황,13
어린이보호구역,21
김천시 보육시설 정보,15
